formula,activity,surface,Km,Kcat,Vmax,Syngony,length,width,depth,pol,surf,Subtype,ph,temp,Cper,Csub,Ccat,Dstr,mX,mROx,mCD,volume,link
CoFe2O4,peroxidase,naked,0.00645,12 306.4508003,1.3763,7.00,4.10,4.10,4.10,1.0,1.0,TMB,4.00,37.00,100.00,15.00,0.02624,3.00,2.7700,-0.1585,0.0304,68.92,https://doi.org/10.1039/C4RA15675G
CoFe2O4,peroxidase,naked,0.05537,2 363.2892149,0.2643,7.00,13.80,13.80,13.80,1.0,1.0,TMB,4.00,37.00,100.00,15.00,0.02624,3.00,2.7700,-0.1585,0.0304,2628.07,https://doi.org/10.1039/C4RA15675G
CoFe2O4,peroxidase,naked,0.03551,74 779.3708079,8.363,7.00,4.10,4.10,4.10,1.0,1.0,TMB,4.00,37.00,100.00,15.00,0.02624,3.00,2.7700,-0.1585,0.0304,68.92,https://doi.org/10.1039/C4RA15675G
CoFe2O4,peroxidase,naked,0.22769,3 918.2494665,0.4382,7.00,13.80,13.80,13.80,1.0,1.0,TMB,4.00,37.00,100.00,15.00,0.02624,3.00,2.7700,-0.1585,0.0304,2628.07,https://doi.org/10.1039/C4RA15675G
CoFe2O4,peroxidase,naked,0.01725,9 184.9060976,1.0272,7.00,24.50,24.50,24.50,1.0,1.0,H2O2,4.00,37.00,100.00,15.00,0.02624,3.00,2.7700,-0.1585,0.0304,14706.13,https://doi.org/10.1039/C4RA15675G
CoFe2O4,peroxidase,naked,0.02427,6 038.3246570,0.6753,7.00,32.10,32.10,32.10,1.0,1.0,H2O2,4.00,37.00,100.00,15.00,0.02624,3.00,2.7700,-0.1585,0.0304,33076.16,https://doi.org/10.1039/C4RA15675G
CoFe2O4,peroxidase,naked,0.03476,5 783.4864329,0.6468,7.00,45.20,45.20,45.20,1.0,1.0,H2O2,4.00,37.00,100.00,15.00,0.02624,3.00,2.7700,-0.1585,0.0304,92345.41,https://doi.org/10.1039/C4RA15675G
CoFe2O4,peroxidase,naked,0.03934,11 456.9900534,1.2813,7.00,24.50,24.50,24.50,1.0,1.0,TMB,4.00,37.00,100.00,15.00,0.02624,3.00,2.7700,-0.1585,0.0304,14706.13,https://doi.org/10.1039/C4RA15675G
CoFe2O4,peroxidase,naked,0.06607,8 229.0392149,0.9203,7.00,32.10,32.10,32.10,1.0,1.0,TMB,4.00,37.00,100.00,15.00,0.02624,3.00,2.7700,-0.1585,0.0304,33076.16,https://doi.org/10.1039/C4RA15675G
CoFe2O4,peroxidase,naked,0.11073,9 319.0314787,1.0422,7.00,45.20,45.20,45.20,1.0,1.0,TMB,4.00,37.00,100.00,15.00,0.02624,3.00,2.7700,-0.1585,0.0304,92345.41,https://doi.org/10.1039/C4RA15675G
CoFe2O4,peroxidase,naked,0.0752,7.4920497,0.000255451,7.00,14.00,14.00,14.00,0.0,1.0,H2O2,6.00,25.00,100.00,15.00,0.00800,3.00,2.7700,-0.1585,0.0304,2744.00,https://doi.org/10.1039/C1CC14300J
MnFe2O4,peroxidase,naked,0.0146,3 219.7344000,6.98,7.00,4.00,4.00,4.00,1.0,0.0,TMB,3.50,37.00,10.00,1.50,0.50000,3.00,2.6050,-0.6085,0.0294,64.00,https://doi.org/10.1039/C5DT01585E
MnFe2O4,peroxidase,naked,0.964,162.8318400,0.353,7.00,16.00,16.00,16.00,1.0,0.0,TMB,3.50,37.00,10.00,1.50,0.50000,3.00,2.6050,-0.6085,0.0294,4096.00,https://doi.org/10.1039/C5DT01585E
MnFe2O4,peroxidase,naked,0.258,714.9840000,1.55,7.00,18.00,18.00,18.00,1.0,0.0,TMB,3.50,37.00,10.00,1.50,0.50000,3.00,2.6050,-0.6085,0.0294,5832.00,https://doi.org/10.1039/C5DT01585E
MnFe2O4,peroxidase,naked,0.33,336.7344000,0.73,7.00,27.00,27.00,27.00,1.0,0.0,TMB,3.50,37.00,10.00,1.50,0.50000,3.00,2.6050,-0.6085,0.0294,19683.00,https://doi.org/10.1039/C5DT01585E
MnFe2O4,peroxidase,naked,0.112,3 298.1520000,7.15,7.00,4.00,4.00,4.00,1.0,0.0,H2O2,3.50,37.00,10.00,1.50,0.50000,3.00,2.6050,-0.6085,0.0294,64.00,https://doi.org/10.1039/C5DT01585E
MnFe2O4,peroxidase,naked,0.543,237.5592000,0.515,7.00,16.00,16.00,16.00,1.0,0.0,H2O2,3.50,37.00,10.00,1.50,0.50000,3.00,2.6050,-0.6085,0.0294,4096.00,https://doi.org/10.1039/C5DT01585E
MnFe2O4,peroxidase,naked,0.242,2 278.7232000,4.94,7.00,18.00,18.00,18.00,1.0,0.0,H2O2,3.50,37.00,10.00,1.50,0.50000,3.00,2.6050,-0.6085,0.0294,5832.00,https://doi.org/10.1039/C5DT01585E
MnFe2O4,peroxidase,naked,0.304,811.8528000,1.76,7.00,27.00,27.00,27.00,1.0,0.0,H2O2,3.50,37.00,10.00,1.50,0.50000,3.00,2.6050,-0.6085,0.0294,19683.00,https://doi.org/10.1039/C5DT01585E
MnFe2O4,peroxidase,naked,0.605,0.0031021,0.000538,7.00,6.00,6.00,6.00,0.0,1.0,TMB,3.50,25.00,0.00,0.80,40.00000,3.00,2.6050,-0.6085,0.0294,216.00,https://doi.org/10.1016/j.colsurfa.2011.08.008
MnFe2O4,peroxidase,naked,0.528,0.0012397,0.000215,7.00,6.00,6.00,6.00,0.0,1.0,H2O2,3.50,25.00,0.00,0.80,40.00000,3.00,2.6050,-0.6085,0.0294,216.00,https://doi.org/10.1016/j.colsurfa.2011.08.008
MgFe2O4,peroxidase,naked,0.67,0.0001045,0.0000209,7.00,220.00,220.00,220.00,1.0,0.0,TMB,4.00,45.00,13.00,0.40,40.00000,3.00,2.4850,-1.3685,0.0307,10648000.00,https://doi.org/10.1016/j.bios.2014.07.048
MgFe2O4,peroxidase,naked,0.14,0.0006270,0.0001254,7.00,220.00,220.00,220.00,1.0,0.0,ABTS,4.00,45.00,12.00,0.40,40.00000,3.00,2.4850,-1.3685,0.0307,10648000.00,https://doi.org/10.1016/j.bios.2014.07.048
MgFe2O4,peroxidase,naked,4.61,0.0006730,0.0001346,7.00,220.00,220.00,220.00,1.0,0.0,H2O2,4.00,45.00,12.00,0.40,40.00000,3.00,2.4850,-1.3685,0.0307,10648000.00,https://doi.org/10.1016/j.bios.2014.07.048
NiFe2O4,peroxidase,naked,0.55,0.0002678,0.0000457,7.00,200.00,200.00,200.00,1.0,0.0,TMB,4.00,45.00,13.00,0.40,40.00000,3.00,2.7850,-0.1435,0.0312,8000000.00,https://doi.org/10.1016/j.bios.2014.07.048
NiFe2O4,peroxidase,naked,0.46,0.0010243,0.0001748,7.00,200.00,200.00,200.00,1.0,0.0,ABTS,4.00,45.00,12.00,0.40,40.00000,3.00,2.7850,-0.1435,0.0312,8000000.00,https://doi.org/10.1016/j.bios.2014.07.048
NiFe2O4,peroxidase,naked,2.6,0.0008268,0.0001411,7.00,200.00,200.00,200.00,1.0,0.0,H2O2,4.00,45.00,12.00,0.40,40.00000,3.00,2.7850,-0.1435,0.0312,8000000.00,https://doi.org/10.1016/j.bios.2014.07.048
ZnFe2O4,peroxidase,naked,490.72,0.0152369,0.0000632,7.00,104.00,27.00,27.00,0.0,0.0,H2O2,4.00,25.00,176.00,10.00,1.00000,3.00,2.6550,-0.3994,0.0305,75816.00,https://doi.org/10.1039/C5NJ02547H
ZnFe2O4,peroxidase,naked,0.509,0.0221321,0.0000918,7.00,104.00,27.00,27.00,0.0,0.0,TMB,4.00,25.00,176.00,10.00,1.00000,3.00,2.6550,-0.3994,0.0305,75816.00,https://doi.org/10.1039/C5NJ02547H
ZnFe2O4,peroxidase,naked,0.85,0.0008022,0.0001331,7.00,200.00,200.00,200.00,1.0,0.0,TMB,4.00,40.00,0.20,0.32,40.00000,3.00,2.6550,-0.3994,0.0305,8000000.00,https://doi.org/10.1021/ac300939z
ZnFe2O4,peroxidase,naked,1.66,0.0004665,0.0000774,7.00,200.00,200.00,200.00,1.0,0.0,H2O2,4.00,40.00,0.20,0.32,40.00000,3.00,2.6550,-0.3994,0.0305,8000000.00,https://doi.org/10.1021/ac300939z
NiCo2O4,peroxidase,naked,0.142,0.0002674,0.00002223,2.00,100.00,100.00,100.00,1.0,0.0,TMB,4.00,37.00,0.20,4.00,20.00000,3.00,2.8350,-0.3250,0.0320,1000000.00,https://doi.org/10.1016/j.aca.2016.11.035
NiCo2O4,peroxidase,naked,9.406,0.0031080,0.0002584,2.00,100.00,100.00,100.00,1.0,0.0,H2O2,4.00,37.00,0.20,4.00,20.00000,3.00,2.8350,-0.3250,0.0320,1000000.00,https://doi.org/10.1016/j.aca.2016.11.035
CdCo2O4,peroxidase,naked,0.317,0.0000032,0.0000219,7.00,250.00,50.00,50.00,1.0,0.0,TMB,4.00,35.00,3.00,8.00,2000.00000,1.00,2.7250,-0.4000,0.0292,625000.00,https://doi.org/10.1007/s00604-020-04298-4
CdCo2O4,peroxidase,naked,0.325,0.0000055,0.0000375,7.00,250.00,50.00,50.00,1.0,0.0,H2O2,4.00,35.00,3.00,8.00,2000.00000,1.00,2.7250,-0.4000,0.0292,625000.00,https://doi.org/10.1007/s00604-020-04298-4
CuWO4,peroxidase,naked,0.2,0.0293763,0.00472,1.00,66.00,66.00,66.00,0.0,0.0,TMB,3.00,28.00,4.70,0.24,50.00000,3.00,2.1300,0.1235,0.0637,287496.00,https://doi.org/10.1016/j.snb.2017.06.175
CuWO4,peroxidase,naked,0.38,0.0007033,0.000113,1.00,66.00,66.00,66.00,0.0,0.0,H2O2,3.00,28.00,4.70,0.24,50.00000,3.00,2.1300,0.1235,0.0637,287496.00,https://doi.org/10.1016/j.snb.2017.06.175
FeWO4,peroxidase,naked,1.18,0.0009169,0.0001148,2.00,5000.00,5000.00,1600.00,1.0,0.0,TMB,3.00,40.00,370.00,0.19,38.00000,3.00,2.0950,-0.2650,0.0539,40000000000.00,https://doi.org/10.1021/ie504114v
FeWO4,peroxidase,naked,0.59,0.0001741,0.0000218,2.00,5000.00,5000.00,1600.00,1.0,0.0,H2O2,3.00,40.00,370.00,0.19,38.00000,3.00,2.0950,-0.2650,0.0539,40000000000.00,https://doi.org/10.1021/ie504114v
Co2V2O7,peroxidase,naked,0.311,0.0000086,0.0000258,2.00,250.00,250.00,250.00,0.0,0.0,BA,5.00,30.00,8.00,0.50,1000.00000,3.00,2.0057,0.3390,0.0481,15625000.00,https://doi.org/10.1021/acsabm.9b01107
Co2V2O7,peroxidase,naked,0.669,0.0000041,0.0000125,2.00,250.00,250.00,250.00,0.0,0.0,H2O2,5.00,30.00,8.00,0.50,1000.00000,3.00,2.0057,0.3390,0.0481,15625000.00,https://doi.org/10.1021/acsabm.9b01107
FeVO4,peroxidase,naked,0.691,0.0000429,0.0000251,3.00,2000.00,100.00,100.00,0.0,0.0,TMB,4.00,25.00,10.00,0.80,100.00000,1.00,1.7300,0.2590,0.0559,20000000.00,https://doi.org/10.1016/j.snb.2016.04.041
FeVO4,peroxidase,naked,0.0732,0.0000465,0.0000272,3.00,2000.00,100.00,100.00,0.0,0.0,H2O2,4.00,25.00,10.00,0.80,100.00000,1.00,1.7300,0.2590,0.0559,20000000.00,https://doi.org/10.1016/j.snb.2016.04.041
α-AgVO3,peroxidase,naked,0.333,3.7744764,0.36501875,2.00,2000.00,500.00,500.00,0.0,0.0,TMB,4.00,25.00,0.60,0.40,20.00000,3.00,2.3733,0.8788,0.0406,500000000.00,https://doi.org/10.1007/s00604-017-2562-z
α-AgVO3,peroxidase,naked,1.3,0.0005558,0.00005375,2.00,2000.00,500.00,500.00,0.0,0.0,H2O2,4.00,25.00,0.60,0.40,20.00000,3.00,2.3733,0.8788,0.0406,500000000.00,https://doi.org/10.1007/s00604-017-2562-z
β-AgVO3,peroxidase,naked,0.04118,29.4435259,0.6406647,2.00,800.00,54.00,54.00,0.0,0.0,TMB,4.00,25.00,8.00,0.10,4.50000,1.00,2.3733,0.8788,0.0406,2332800.00,https://doi.org/10.1002/jccs.201700031
β-AgVO3,peroxidase,naked,5.291,0.0053564,0.00011655,2.00,800.00,54.00,54.00,0.0,0.0,H2O2,4.00,25.00,8.00,0.10,4.50000,1.00,2.3733,0.8788,0.0406,2332800.00,https://doi.org/10.1002/jccs.201700031
CoMoO4,peroxidase,naked,0.077,0.0074489,0.0005105,2.00,5000.00,300.00,300.00,0.0,0.0,TMB,4.00,25.00,20.00,8.00,15.00000,1.00,2.0200,-0.6650,0.0524,450000000.00,https://doi.org/10.1007/s00604-020-04376-7
AgVO3,peroxidase,naked,8.03,0.0004384,0.000636,2.00,1500.00,100.00,100.00,0.0,0.0,TMB,5.00,25.00,10.00,0.80,300.00000,1.00,2.3733,0.8788,0.0406,15000000.00,https://doi.org/10.1007/s00604-015-1670-x
AgVO3,peroxidase,naked,14,0.0000075,0.000010845,2.00,1500.00,100.00,100.00,0.0,0.0,H2O2,5.00,25.00,10.00,0.80,300.00000,1.00,2.3733,0.8788,0.0406,15000000.00,https://doi.org/10.1007/s00604-015-1670-x
CoMoO4,peroxidase,naked,1.115,0.0016955,0.0001162,2.00,5000.00,300.00,300.00,0.0,0.0,H2O2,4.00,25.00,20.00,8.00,15.00000,1.00,2.0200,-0.6650,0.0524,450000000.00,https://doi.org/10.1007/s00604-020-04376-7
CuMnO2,peroxidase,naked,0.577,0.0000307,0.0000815,2.00,100.00,100.00,1.60,0.0,0.0,TMB,4.50,25.00,100.00,500.00,400.00000,2.00,3.4500,-0.4215,0.0259,16000.00,https://doi.org/10.1016/j.snb.2018.09.120
CuMnO2,peroxidase,naked,27.653,0.0001040,0.0002765,2.00,100.00,100.00,1.60,0.0,0.0,H2O2,4.50,25.00,100.00,500.00,400.00000,2.00,3.4500,-0.4215,0.0259,16000.00,https://doi.org/10.1016/j.snb.2018.09.120
Cu0.89Zn0.11O,peroxidase,naked,100,0.0000229,0.00002877,5.00,7.50,7.50,7.50,0.0,0.0,TMB,4.65,25.00,200.00,10.00,100.00000,3.00,3.7450,-0.2124,0.0272,421.88,https://doi.org/10.1021/acsami.6b05354
Cu0.89Zn0.11O,peroxidase,naked,71,0.0000024,0.000003,5.00,7.50,7.50,7.50,0.0,0.0,H2O2,4.65,25.00,200.00,10.00,100.00000,3.00,3.7450,-0.2124,0.0272,421.88,https://doi.org/10.1021/acsami.6b05354
Fe2(MoO4)3,peroxidase,naked,1.126,0.0000735,0.0000373,3.00,2000.00,200.00,200.00,0.0,0.0,TMB,4.00,25.00,10.00,8.00,300.00000,1.00,1.6900,-0.7450,0.0602,80000000.00,https://doi.org/10.1007/s00604-016-1955-8
Fe2(MoO4)3,peroxidase,naked,0.106,0.0001481,0.0000751,3.00,2000.00,200.00,200.00,0.0,0.0,H2O2,4.00,25.00,10.00,8.00,300.00000,1.00,1.6900,-0.7450,0.0602,80000000.00,https://doi.org/10.1007/s00604-016-1955-8
0.10CeO2/CoO,peroxidase,naked,0.245,0.0012171,0.0001478,7.00,600.00,600.00,600.00,0.0,0.0,H2O2,5.00,25.00,20.00,0.02,30.00000,3.00,3.3200,-0.5750,0.0339,216000000.00,https://doi.org/10.1021/acssuschemeng.0c06920
0.10CeO2/CoO,peroxidase,naked,0.133,0.0090667,0.001101,7.00,600.00,600.00,600.00,0.0,0.0,TMB,5.00,25.00,20.00,0.02,30.00000,3.00,3.3200,-0.5750,0.0339,216000000.00,https://doi.org/10.1021/acssuschemeng.0c06920
CoO/CeO2,peroxidase,naked,1.81,0.0000267,0.000027,7.00,1500.00,100.00,100.00,0.0,0.0,TMB,3.60,25.00,0.10,3.00,250.00000,1.00,2.0000,-0.6050,0.0351,15000000.00,https://doi.org/10.1016/j.apmt.2019.03.009
CoO/CeO2,peroxidase,naked,0.021,0.0000277,0.000028,7.00,1500.00,100.00,100.00,0.0,0.0,H2O2,3.60,25.00,0.10,3.00,250.00000,1.00,2.0000,-0.6050,0.0351,15000000.00,https://doi.org/10.1016/j.apmt.2019.03.009
Co3O4/CeO2,peroxidase,naked,0.36,0.0002293,0.0001666,7.00,2000.00,200.00,200.00,1.0,0.0,TMB,6.00,30.00,1.20,0.80,300.00000,1.00,2.2533,-0.6050,0.0351,80000000.00,https://doi.org/10.1016/j.snb.2019.01.068
Co3O4/CeO2,peroxidase,naked,132,0.0000597,0.0000434,7.00,1003.00,103.00,103.00,1.0,0.0,H2O2,6.00,30.00,1.20,0.80,300.00000,1.00,2.2533,-0.6050,0.0351,10640827.00,https://doi.org/10.1016/j.snb.2019.01.068
Fe3O4-CeO2,peroxidase,naked,0.15,0.0000144,0.0000064,7.00,630.00,630.00,630.00,0.0,0.0,TMB,3.50,40.00,50.00,100.00,180.00000,3.00,2.2033,-0.5540,0.0345,250047000.00,https://doi.org/10.1016/j.jtice.2017.12.011
Fe3O4-CeO2,peroxidase,naked,1.13,0.0002803,0.000125,7.00,630.00,630.00,630.00,0.0,0.0,H2O2,3.50,40.00,50.00,100.00,180.00000,3.00,2.2033,-0.5540,0.0345,250047000.00,https://doi.org/10.1016/j.jtice.2017.12.011
Pd/CeO2,peroxidase,naked,0.39,0.0099066,0.0000594,7.00,59.00,27.00,27.00,0.0,0.0,TMB,4.00,30.00,327.00,0.17,1.67000,3.00,3.3200,0.0225,0.0198,43011.00,https://doi.org/10.1007/s10853-018-2657-x
Pd/CeO2,peroxidase,naked,9.43,0.0031855,0.0000191,7.00,59.00,27.00,27.00,0.0,0.0,H2O2,4.00,30.00,327.00,0.17,1.67000,3.00,3.3200,0.0225,0.0198,43011.00,https://doi.org/10.1007/s10853-018-2657-x
Ce-Fe3O4,peroxidase,naked,0.018,0.0003097,0.0000125,7.00,15.00,15.00,15.00,0.0,0.0,TMB,4.00,25.00,0.40,0.20,15.00000,3.00,3.3050,-0.5540,0.0345,3375.00,https://doi.org/10.1039/C7AY00750G
Ce-Fe3O4,peroxidase,naked,6.942,0.0123890,0.0005,7.00,15.00,15.00,15.00,0.0,0.0,H2O2,4.00,25.00,0.40,0.20,15.00000,3.00,3.3050,-0.5540,0.0345,3375.00,https://doi.org/10.1039/C7AY00750G
Fe3O4–MnO2,peroxidase,naked,0.101,0.0000101,0.0000057,4.00,2000.00,2000.00,2000.00,0.0,0.0,TMB,4.00,40.00,20.00,0.30,180.00000,3.00,2.3467,-0.7090,0.0445,8000000000.00,https://doi.org/10.1016/j.procbio.2019.05.014
Fe3O4–MnO2,peroxidase,naked,0.041,0.0000520,0.0000294,4.00,2000.00,2000.00,2000.00,0.0,0.0,H2O2,4.00,40.00,20.00,0.30,180.00000,3.00,2.3467,-0.7090,0.0445,8000000000.00,https://doi.org/10.1016/j.procbio.2019.05.014
"Pt-WO2,72",peroxidase,naked,0.105,0.0000470,0.00005565,2.00,30.00,17.00,17.00,0.0,0.0,TMB,4.00,40.00,20.00,0.30,500.00000,3.00,3.4118,0.5490,0.0405,8670.00,https://doi.org/10.1007/s00216-019-02268-1
"Pt-WO2,72",peroxidase,naked,8.45,0.0005374,0.000636,2.00,30.00,17.00,17.00,0.0,0.0,H2O2,4.00,40.00,20.00,0.30,500.00000,3.00,3.4118,0.5490,0.0405,8670.00,https://doi.org/10.1007/s00216-019-02268-1
Fe3O4,peroxidase,naked,0.107,0.0005588,0.0000362,7.00,15.00,15.00,15.00,0.0,0.0,TMB,4.00,25.00,0.40,0.20,15.00000,3.00,1.3725,-0.2380,0.0293,3375.00,https://doi.org/10.1039/C7AY00750G
Fe3O4,peroxidase,naked,155,0.0014063,0.0000911,7.00,15.00,15.00,15.00,0.0,0.0,H2O2,4.00,25.00,0.40,0.20,15.00000,3.00,1.3725,-0.2380,0.0293,3375.00,https://doi.org/10.1039/C7AY00750G
Fe3O4,peroxidase,naked,0.23,1.0150596,0.219188,7.00,169.10,169.10,169.10,0.0,0.0,TMB,4.00,25.00,530.00,0.82,50.00000,3.00,1.3725,-0.2380,0.0293,4835382.37,https://doi.org/10.1002/chem.201001789
Fe3O4,peroxidase,naked,0.46,0.0004404,0.0000951,7.00,215.70,185.00,185.00,0.0,0.0,TMB,4.00,25.00,530.00,0.82,50.00000,3.00,1.3725,-0.2380,0.0293,7382332.50,https://doi.org/10.1002/chem.201001789
Fe3O4,peroxidase,naked,0.58,0.0002392,0.00005165,7.00,222.80,222.80,222.80,0.0,0.0,TMB,4.00,25.00,530.00,0.82,50.00000,3.00,1.3725,-0.2380,0.0293,11059756.35,https://doi.org/10.1002/chem.201001789
Fe3O4,peroxidase,naked,3.89,0.0001921,0.0001493,7.00,246.60,246.60,246.60,0.0,0.0,TMB,4.00,40.00,20.00,0.30,180.00000,3.00,1.3725,-0.2380,0.0293,14996130.70,https://doi.org/10.1016/j.procbio.2019.05.014
Fe3O4,peroxidase,naked,2.46,0.0001238,0.0000962,7.00,246.60,246.60,246.60,0.0,0.0,H2O2,4.00,40.00,20.00,0.30,180.00000,3.00,1.3725,-0.2380,0.0293,14996130.70,https://doi.org/10.1016/j.procbio.2019.05.014
MnO2,peroxidase,naked,1.41,0.0000191,0.0000396,4.00,2000.00,2000.00,2000.00,0.0,0.0,TMB,4.00,40.00,20.00,0.30,180.00000,3.00,0.7750,-1.1800,0.0488,8000000000.00,https://doi.org/10.1016/j.procbio.2019.05.014
MnO2,peroxidase,naked,1.34,0.0000374,0.0000775,4.00,2000.00,2000.00,2000.00,0.0,0.0,H2O2,4.00,40.00,20.00,0.30,180.00000,3.00,0.7750,-1.1800,0.0488,8000000000.00,https://doi.org/10.1016/j.procbio.2019.05.014
CuO,peroxidase,naked,25,0.0000834,0.0001049,2.00,5.00,5.00,5.00,0.0,0.0,TMB,4.65,37.00,200.00,10.00,100.00000,3.00,1.9000,0.3370,0.0274,125.00,https://doi.org/10.1021/acsami.6b05354
CuO,peroxidase,naked,400,0.0001281,0.000161,2.00,5.00,5.00,5.00,0.0,0.0,H2O2,4.65,37.00,200.00,10.00,100.00000,3.00,1.9000,0.3370,0.0274,125.00,https://doi.org/10.1021/acsami.6b05354
GeO2,peroxidase,naked,0.42,0.0305945,0.00023397,4.00,1000.00,100.00,100.00,0.0,0.0,TMB,4.00,25.00,4.00,1.00,0.80000,1.00,1.0050,-0.1500,0.0597,10000000.00,https://doi.org/10.1002/adfm.202001933
GeO2,peroxidase,naked,1.75,0.0305984,0.000234,4.00,1000.00,100.00,100.00,0.0,0.0,H2O2,4.00,25.00,4.00,1.00,0.80000,1.00,1.0050,-0.1500,0.0597,10000000.00,https://doi.org/10.1002/adfm.202001933
MoO2,peroxidase,naked,0.014,0.0000205,0.0000041,2.00,44.60,20.80,20.80,0.0,0.0,H2O2,4.00,25.00,0.40,16.00,25.60000,3.00,1.0800,-0.0720,0.0506,19295.74,https://doi.org/10.1016/j.saa.2019.117412
MoO2,peroxidase,naked,8.85,0.0002599,0.000052,2.00,44.60,20.80,20.80,0.0,0.0,TMB,4.00,25.00,0.40,16.00,25.60000,3.00,1.0800,-0.0720,0.0506,19295.74,https://doi.org/10.1016/j.saa.2019.117412
WO3,peroxidase,naked,10.6,0.0022171,0.0000153,4.00,30.00,6.00,6.00,0.0,0.0,TMB,2.00,25.00,0.06,1.40,1.60000,1.00,0.7867,-0.0900,0.0811,1080.00,https://doi.org/10.1016/j.talanta.2019.06.003
WO3,peroxidase,naked,1260,0.0043472,0.00003,4.00,30.00,6.00,6.00,0.0,0.0,H2O2,2.00,25.00,0.06,1.40,1.60000,1.00,0.7867,-0.0900,0.0811,1080.00,https://doi.org/10.1016/j.talanta.2019.06.003
"WO2,92",peroxidase,naked,0.79,0.0000162,0.0000246,7.00,1.33,1.33,1.33,0.0,0.0,ABTS,6.00,37.00,4.00,0.80,350.00000,3.00,0.8082,-0.0900,0.0811,2.35,https://doi.org/10.1016/j.aca.2017.09.011
"WO2,92",peroxidase,naked,1.26,0.0000354,0.00005375,7.00,1.33,1.33,1.33,0.0,0.0,H2O2,6.00,37.00,4.00,0.80,350.00000,3.00,0.8082,-0.0900,0.0811,2.35,https://doi.org/10.1016/j.aca.2017.09.011
W18O49,peroxidase,naked,0.003,0.0057181,0.00124,2.00,100.00,100.00,100.00,0.0,0.0,TMB,4.00,35.00,50.00,0.60,50.00000,3.00,0.8669,-0.0900,0.0811,1000000.00,https://doi.org/10.1007/s11051-018-4271-x
W18O49,peroxidase,naked,8.734,0.0056259,0.00122,2.00,100.00,100.00,100.00,0.0,0.0,H2O2,4.00,35.00,50.00,0.60,50.00000,3.00,0.8669,-0.0900,0.0811,1000000.00,https://doi.org/10.1007/s11051-018-4271-x
Au,peroxidase,naked,0.2,0.0002187,0.0000559,7.00,14.00,14.00,14.00,0.0,0.0,TMB,3.60,25.00,373.00,0.58,47.80000,3.00,2.5400,1.6920,0.0000,2744.00,https://doi.org/10.1166/jnn.2018.13977
Au,peroxidase,naked,572.98,0.0003822,0.0000977,7.00,14.00,14.00,14.00,0.0,0.0,H2O2,3.60,25.00,373.00,0.58,47.80000,3.00,2.5400,1.6920,0.0000,2744.00,https://doi.org/10.1166/jnn.2018.13977
Au,peroxidase,naked,92.3,0.0001216,0.0000311,7.00,14.00,14.00,14.00,0.0,0.0,ABTS,3.60,25.00,373.00,0.58,47.80000,3.00,2.5400,1.6920,0.0000,2744.00,https://doi.org/10.1166/jnn.2018.13977
Au,peroxidase,naked,546.6,0.0001971,0.0000504,7.00,14.00,14.00,14.00,0.0,0.0,H2O2,3.60,25.00,373.00,0.58,47.80000,3.00,2.5400,1.6920,0.0000,2744.00,https://doi.org/10.1166/jnn.2018.13977
y-Fe2O3,peroxidase,naked,0.298,0.0023508,0.0000736,7.00,14.50,14.50,14.50,0.0,0.0,TMB,3.50,25.00,700.00,0.80,5.00000,3.00,1.2200,-0.0370,0.0382,3048.63,https://doi.org/10.1039/C8TB01132J
y-Fe2O3,peroxidase,naked,146.7,0.0020346,0.0000637,7.00,14.50,14.50,14.50,0.0,0.0,H2O2,3.50,25.00,700.00,0.80,5.00000,3.00,1.2200,-0.0370,0.0382,3048.63,https://doi.org/10.1039/C8TB01132J
y-Fe2O3,peroxidase,naked,0.0997,0.0166088,0.00052,7.00,12.30,13.30,14.30,0.0,0.0,TMB,3.50,25.00,500.00,0.70,5.00000,3.00,1.2200,-0.0370,0.0382,2339.34,https://doi.org/10.1039/C9TB00989B
y-Fe2O3,peroxidase,naked,144.3,0.0005877,0.0000184,7.00,12.30,13.30,14.30,0.0,0.0,H2O2,3.50,25.00,500.00,0.70,5.00000,3.00,1.2200,-0.0370,0.0382,2339.34,https://doi.org/10.1039/C9TB00989B
a-Fe2O3,peroxidase,naked,0.5304,0.0017343,0.0000543,5.00,11.70,12.70,13.70,0.0,0.0,TMB,3.50,25.00,500.00,0.70,5.00000,3.00,1.2200,-0.0370,0.0382,2035.68,https://doi.org/10.1039/C9TB00989B
a-Fe2O3,peroxidase,naked,127.92,0.0012041,0.0000377,5.00,11.70,12.70,13.70,0.0,0.0,H2O2,3.50,25.00,500.00,0.70,5.00000,3.00,1.2200,-0.0370,0.0382,2035.68,https://doi.org/10.1039/C9TB00989B
a-Fe2O3,peroxidase,naked,0.768,0.0001667,0.000005,5.00,110.00,110.00,110.00,0.0,0.0,TMB,4.00,37.00,880.00,0.24,4.79000,3.00,1.2200,-0.0370,0.0382,1331000.00,https://doi.org/10.1039/C1CY00124H
a-Fe2O3,peroxidase,naked,0.957,0.0002100,0.0000063,5.00,100.00,100.00,100.00,0.0,0.0,TMB,4.00,37.00,880.00,0.24,4.79000,3.00,1.2200,-0.0370,0.0382,1000000.00,https://doi.org/10.1039/C1CY00124H
a-Fe2O3,peroxidase,naked,0.257,0.0005501,0.0000165,5.00,380.00,31.00,31.00,0.0,0.0,TMB,4.00,37.00,880.00,0.24,4.79000,1.00,3.6600,-0.0370,0.0382,365180.00,https://doi.org/10.1039/C1CY00124H
a-Fe2O3,peroxidase,naked,0.317,0.0005101,0.0000153,5.00,330.00,30.00,30.00,0.0,0.0,TMB,4.00,37.00,880.00,0.24,4.79000,1.00,3.6600,-0.0370,0.0382,297000.00,https://doi.org/10.1039/C1CY00124H
a-Fe2O3,peroxidase,naked,0.518,0.0003534,0.0000106,5.00,278.00,30.00,30.00,0.0,0.0,TMB,4.00,37.00,880.00,0.24,4.79000,1.00,3.6600,-0.0370,0.0382,250200.00,https://doi.org/10.1039/C1CY00124H
Fe3O4,peroxidase,naked,0.098,0.0003983,0.0000344,7.00,300.00,300.00,300.00,0.0,0.0,TMB,3.50,40.00,530.00,0.82,20.00000,3.00,1.3725,-0.2370,0.0293,27000000.00,https://doi.org/10.1038/nnano.2007.260
Fe3O4,peroxidase,naked,154,0.0011323,0.0000978,7.00,300.00,300.00,300.00,0.0,0.0,H2O2,3.50,40.00,530.00,0.82,20.00000,3.00,0.6225,-0.2370,0.0293,27000000.00,https://doi.org/10.1038/nnano.2007.260
Fe3O4,peroxidase,naked,0.374,0.0002007,0.000026,7.00,13.00,13.00,13.00,0.0,0.0,TMB,7.50,30.00,250.00,1.00,30.00000,3.00,1.3725,-0.2370,0.0293,2197.00,https://doi.org/10.1016/j.colsurfb.2017.02.004
Fe3O4,peroxidase,naked,54.6,0.0001389,0.000018,7.00,13.00,13.00,13.00,0.0,0.0,H2O2,7.50,30.00,250.00,1.00,30.00000,3.00,1.3725,-0.2370,0.0293,2197.00,https://doi.org/10.1016/j.colsurfb.2017.02.004
Fe3O4,peroxidase,naked,0.26,0.0000163,0.00000351,7.00,500.00,500.00,500.00,0.0,0.0,TMB,4.00,25.00,10.00,0.50,50.00000,3.00,1.3725,-0.2370,0.0293,125000000.00,https://doi.org/10.1021/acs.analchem.9b04116
Fe3O4,peroxidase,naked,6.66,0.0000060,0.00000129,7.00,500.00,500.00,500.00,0.0,0.0,H2O2,4.00,25.00,10.00,0.50,50.00000,3.00,1.3725,-0.2370,0.0293,125000000.00,https://doi.org/10.1021/acs.analchem.9b04116
Fe3O4,peroxidase,naked,0.295,0.0000333,0.0000072,7.00,30.00,30.00,30.00,0.0,0.0,TMB,4.00,25.00,10.00,0.50,50.00000,3.00,1.3725,-0.2370,0.0293,27000.00,https://doi.org/10.1021/jacs.7b00601
Fe3O4,peroxidase,naked,0.27,0.0001621,0.000035,7.00,30.00,30.00,30.00,0.0,0.0,ABTS,4.00,25.00,10.00,0.50,50.00000,3.00,1.3725,-0.2370,0.0293,27000.00,https://doi.org/10.1021/jacs.7b00601
Fe3O4,peroxidase,naked,0.233,0.0308733,0.000176,7.00,8.10,8.10,8.10,0.0,0.0,TMB,3.60,25.00,663.80,1.65,1.32000,3.00,1.3725,-0.2370,0.0293,531.44,https://doi.org/10.1021/am405009f
Fe3O4,peroxidase,naked,479.91,0.0482396,0.000275,7.00,8.10,8.10,8.10,0.0,0.0,H2O2,3.60,25.00,663.80,1.65,1.32000,3.00,1.3725,-0.2370,0.0293,531.44,https://doi.org/10.1021/am405009f
Co3O4,peroxidase,naked,0.103,0.0467006,0.000256,7.00,7.20,7.20,7.20,0.0,0.0,TMB,3.60,25.00,663.80,1.65,1.32000,3.00,1.4100,-0.3400,0.0306,373.25,https://doi.org/10.1021/am405009f
Co3O4,peroxidase,naked,173.51,0.0344782,0.000189,7.00,7.20,7.20,7.20,0.0,0.0,H2O2,3.60,25.00,663.80,1.65,1.32000,3.00,1.4100,-0.3400,0.0306,373.25,https://doi.org/10.1021/am405009f
NiO,peroxidase,naked,0.018,0.0000090,0.000024,7.00,15.00,15.00,15.00,0.0,0.0,TMB,4.00,30.00,100.00,10.00,200.00000,3.00,1.9100,-0.2500,0.0241,3375.00,https://doi.org/10.1039/C4TB00968A
NiO,peroxidase,naked,1.77,0.0000078,0.000021,7.00,15.00,15.00,15.00,0.0,0.0,H2O2,4.00,30.00,100.00,10.00,200.00000,3.00,1.9100,-0.2500,0.0241,3375.00,https://doi.org/10.1039/C4TB00968A
NiO,peroxidase,naked,0.036,0.1041062,4.18153135,7.00,4800.00,250.00,250.00,0.0,0.0,TMB,4.00,25.00,880.00,15.00,3000.00000,1.00,1.9100,-0.2500,0.0241,300000000.00,https://doi.org/10.1016/j.snb.2019.01.068
NiO,peroxidase,naked,8.17,0.0000158,0.000636,7.00,4800.00,250.00,250.00,0.0,0.0,H2O2,4.00,25.00,880.00,15.00,3000.00000,1.00,1.9100,-0.2500,0.0241,300000000.00,https://doi.org/10.1016/j.snb.2019.01.068
Co3O4,peroxidase,naked,0.51,0.0000996,0.0001241,7.00,150.00,40.00,25.00,1.0,0.0,TMB,6.00,30.00,1.20,0.80,300.00000,3.00,1.4100,-0.3400,0.0306,150000.00,https://doi.org/10.1016/j.snb.2019.01.068
Co3O4,peroxidase,naked,140.56,0.0000996,0.0001241,7.00,78.00,23.00,15.50,1.0,0.0,H2O2,6.00,30.00,1.20,0.80,300.00000,3.00,1.4100,-0.3400,0.0306,27807.00,https://doi.org/10.1016/j.snb.2019.01.068
CeO2,peroxidase,naked,0.42,0.0000788,0.0001374,7.00,6.00,6.00,6.00,1.0,0.0,TMB,6.00,30.00,1.20,0.80,300.00000,3.00,0.5600,-0.8700,0.0396,216.00,https://doi.org/10.1016/j.snb.2019.01.068
CeO2,peroxidase,naked,138.31,0.0000228,0.0000398,7.00,6.00,6.00,6.00,1.0,0.0,H2O2,6.00,30.00,1.20,0.80,300.00000,3.00,0.5600,-0.8700,0.0396,216.00,https://doi.org/10.1016/j.snb.2019.01.068
Co3O4,peroxidase,naked,0.063,0.0002288,0.000019,7.00,8.30,8.30,8.30,0.0,0.0,TMB,0.00,25.00,100.00,20.00,20.00000,3.00,1.4100,-0.3400,0.0306,571.79,https://doi.org/10.1039/C6NR00860G
Co3O4,peroxidase,naked,0.61,0.0003853,0.000032,7.00,8.30,8.30,8.30,0.0,0.0,OPD,0.00,25.00,100.00,20.00,20.00000,3.00,1.4100,-0.3400,0.0306,571.79,https://doi.org/10.1039/C6NR00860G
Co3O4,peroxidase,naked,0.079,0.0095317,0.000475,7.00,31.10,31.10,31.10,1.0,0.0,H2O2,4.00,40.00,0.01,0.01,12.00000,3.00,1.4100,-0.3400,0.0306,30080.23,https://doi.org/10.1016/j.apsusc.2016.12.067
Co3O4,peroxidase,naked,0.015,70.0327078,3.49000205,7.00,31.10,31.10,31.10,1.0,0.0,TMB,4.00,40.00,0.01,0.01,12.00000,3.00,1.4100,-0.3400,0.0306,30080.23,https://doi.org/10.1016/j.apsusc.2016.12.067
Co3O4,peroxidase,naked,0.091,0.0315950,0.0015745,7.00,48.10,48.10,48.10,1.0,0.0,H2O2,4.00,40.00,0.01,0.01,12.00000,3.00,1.4100,-0.3400,0.0306,111284.64,https://doi.org/10.1016/j.apsusc.2016.12.067
Co3O4,peroxidase,naked,0.013,70.0327078,3.49000205,7.00,48.10,48.10,48.10,1.0,0.0,TMB,4.00,40.00,0.01,0.01,12.00000,3.00,1.4100,-0.3400,0.0306,111284.64,https://doi.org/10.1016/j.apsusc.2016.12.067
Co3O4,peroxidase,naked,0.0262,6.7757909,0.337664,7.00,26.90,26.90,26.90,1.0,0.0,H2O2,4.00,40.00,0.01,0.01,12.00000,3.00,1.4100,-0.3400,0.0306,19465.11,https://doi.org/10.1016/j.apsusc.2016.12.067
Co3O4,peroxidase,naked,0.012,0.0001946,0.0000097,7.00,26.90,26.90,26.90,0.0,0.0,TMB,4.00,40.00,0.01,0.01,12.00000,3.00,1.4100,-0.3400,0.0306,19465.11,https://doi.org/10.1016/j.apsusc.2016.12.067
Co3O4,peroxidase,naked,0.037,0.0015098,0.0000627,7.00,20.00,20.00,20.00,0.0,0.0,TMB,5.00,25.00,50.00,0.25,10.00000,3.00,1.4100,-0.3400,0.0306,8000.00,https://doi.org/10.1039/C2CC17013B
Co3O4,peroxidase,naked,140.07,0.0029137,0.000121,7.00,20.00,20.00,20.00,0.0,0.0,H2O2,5.00,25.00,50.00,0.25,10.00000,3.00,1.4100,-0.3400,0.0306,8000.00,https://doi.org/10.1039/C2CC17013B
Co3O4,peroxidase,naked,0.01513,74.3710171,3.49000205,7.00,125.00,35.70,35.70,0.0,0.0,TMB,4.00,30.00,880.00,2.80,11.30000,3.00,1.4100,-0.3400,0.0306,159311.25,https://doi.org/10.1021/ie403554v
Co3O4,peroxidase,naked,0.8268,0.0028363,0.0001331,7.00,125.00,35.70,35.70,0.0,0.0,H2O2,4.00,30.00,880.00,2.80,11.30000,3.00,1.4100,-0.3400,0.0306,159311.25,https://doi.org/10.1021/ie403554v
Co3O4,peroxidase,naked,0.082,0.0015772,0.0000655,7.00,68.40,642.20,642.20,1.0,0.0,TMB,6.00,25.00,2.00,0.25,10.00000,2.00,1.4100,-0.3400,0.0306,28209585.46,https://doi.org/10.1039/C8NR06162A
Co3O4,peroxidase,naked,2.22,0.0028463,0.0001182,7.00,68.40,642.20,642.20,1.0,0.0,H2O2,6.00,25.00,2.00,0.25,10.00000,2.00,1.4100,-0.3400,0.0306,28209585.46,https://doi.org/10.1039/C8NR06162A
Co3O4,peroxidase,naked,0.283,0.0008444,0.0001052,7.00,360.00,360.00,360.00,0.0,0.0,TMB,4.50,30.00,10.00,0.50,30.00000,3.00,1.4100,-0.3400,0.0306,46656000.00,https://doi.org/10.1016/j.bios.2020.112342
Co3O4,peroxidase,naked,5.9322,0.0007906,0.0000985,7.00,360.00,360.00,360.00,0.0,0.0,H2O2,4.50,30.00,10.00,0.50,30.00000,3.00,1.4100,-0.3400,0.0306,46656000.00,https://doi.org/10.1016/j.bios.2020.112342
Co3O4,peroxidase,naked,0.12,0.0000020,0.000000332,7.00,30.00,3000.00,3000.00,0.0,0.0,TMB,4.40,40.00,25.00,0.80,40.00000,2.00,1.4100,-0.3400,0.0306,270000000.00,https://doi.org/10.1039/C1JM14253D
Co3O4,peroxidase,naked,245,0.0017157,0.000285,7.00,30.00,3000.00,3000.00,0.0,0.0,H2O2,4.40,40.00,25.00,0.80,40.00000,2.00,1.4100,-0.3400,0.0306,270000000.00,https://doi.org/10.1039/C1JM14253D
CeO2,peroxidase,naked,0.3,0.0000907,0.0000843,7.00,215.00,50.00,50.00,0.0,0.0,TMB,4.50,32.50,3.50,0.30,160.00000,3.00,0.5600,-0.8700,0.0396,537500.00,https://doi.org/10.1039/C9NJ05955E
CeO2,peroxidase,naked,2.97,0.0000825,0.0000767,7.00,215.00,50.00,50.00,0.0,0.0,H2O2,4.50,32.50,3.50,0.30,160.00000,3.00,0.5600,-0.8700,0.0396,537500.00,https://doi.org/10.1039/C9NJ05955E
CeO2,peroxidase,naked,0.12,0.0000376,0.000035,7.00,215.00,50.00,50.00,0.0,0.0,TMB+ATP,7.40,32.50,3.50,0.30,160.00000,3.00,0.5600,-0.8700,0.0396,537500.00,https://doi.org/10.1039/C9NJ05955E
CeO2,peroxidase,naked,0.62,0.0000337,0.0000313,7.00,215.00,50.00,50.00,0.0,0.0,H2O2+ATP,7.40,32.50,3.50,0.30,160.00000,3.00,0.5600,-0.8700,0.0396,537500.00,https://doi.org/10.1039/C9NJ05955E
CeO2,peroxidase,naked,0.24,0.0000275,0.000004,7.00,32.70,10.00,10.00,0.0,0.0,TMB,4.00,25.00,1000.00,500.00,25.00000,3.00,0.5600,-0.8700,0.0396,3270.00,https://doi.org/10.1038/srep35344
CeO2,peroxidase,naked,0.217,0.0005645,0.000082,7.00,13.00,13.00,13.00,0.0,0.0,TMB,4.00,25.00,1000.00,500.00,25.00000,3.00,0.5600,-0.8700,0.0396,2197.00,https://doi.org/10.1038/srep35344
CeO2,peroxidase,naked,153.6,0.0008399,0.000122,7.00,13.00,13.00,13.00,0.0,0.0,H2O2,4.00,25.00,1000.00,500.00,25.00000,3.00,0.5600,-0.8700,0.0396,2197.00,https://doi.org/10.1038/srep35344
CeO2,peroxidase,naked,0.046,0.0000027,0.0000094,7.00,12.00,12.00,12.00,0.0,0.0,TMB*2HCl,4.00,45.00,50.00,5.00,600.00000,3.00,0.5600,-0.8700,0.0396,1728.00,https://doi.org/10.1039/C2AY25511A
CeO2,peroxidase,naked,64.6,0.0000145,0.0000507,7.00,12.00,12.00,12.00,0.0,0.0,H2O2,4.00,45.00,50.00,5.00,600.00000,3.00,0.5600,-0.8700,0.0396,1728.00,https://doi.org/10.1039/C2AY25511A
CeO2,peroxidase,naked,0.269,0.0000065,0.00001135,7.00,17.00,17.00,17.00,0.0,0.0,TMB,3.80,25.00,250.00,1.00,300.00000,3.00,0.5600,-0.8700,0.0396,4913.00,https://doi.org/10.1016/j.snb.2016.08.094
CeO2,peroxidase,naked,3.182,0.0000053,0.00000926,7.00,17.00,17.00,17.00,0.0,0.0,H2O2,3.80,25.00,250.00,1.00,300.00000,3.00,0.5600,-0.8700,0.0396,4913.00,https://doi.org/10.1016/j.snb.2016.08.094
CeO2,peroxidase,naked,0.274,0.0684137,0.0000159,7.00,47.00,4.00,4.00,0.0,0.0,TMB,3.80,40.00,25.00,2.50,0.04000,1.00,0.5600,-0.8700,0.0396,752.00,https://doi.org/10.1016/j.snb.2016.09.049
CeO2,peroxidase,naked,0.278,0.0374339,0.0000087,7.00,47.00,4.00,4.00,0.0,0.0,H2O2,3.80,40.00,25.00,2.50,0.04000,1.00,0.5600,-0.8700,0.0396,752.00,https://doi.org/10.1016/j.snb.2016.09.049
CeO2,peroxidase,naked,0.0753,0.0000017,4.014E-07,7.00,100.00,21.00,24.00,0.0,0.0,TMB,3.80,40.00,25.00,0.05,40.00000,3.00,0.5600,-0.8700,0.0396,50400.00,https://doi.org/10.1016/j.msec.2015.10.046
CeO2,peroxidase,naked,0.958,0.0000111,0.00000259,7.00,100.00,21.00,24.00,0.0,0.0,H2O2,3.80,40.00,25.00,0.05,40.00000,3.00,0.5600,-0.8700,0.0396,50400.00,https://doi.org/10.1016/j.msec.2015.10.046
CeO2,peroxidase,naked,0.67,0.0000036,0.0000038,7.00,54.00,54.00,54.00,1.0,0.0,TMB,3.50,40.00,50.00,100.00,180.00000,3.00,0.5600,-0.8700,0.0396,157464.00,https://doi.org/10.1016/j.jtice.2017.12.011
CeO2,peroxidase,naked,2.5,0.0001594,0.0001667,7.00,54.00,54.00,54.00,1.0,0.0,H2O2,3.50,40.00,50.00,100.00,180.00000,3.00,0.5600,-0.8700,0.0396,157464.00,https://doi.org/10.1016/j.jtice.2017.12.011
Fe3O4,peroxidase,naked,3.33,0.0000033,0.0000026,7.00,590.00,590.00,590.00,0.0,0.0,TMB,3.50,40.00,50.00,100.00,180.00000,3.00,1.3725,-0.2370,0.0347,205379000.00,https://doi.org/10.1016/j.jtice.2017.12.011
Fe3O4,peroxidase,naked,3.75,0.0001072,0.0000833,7.00,590.00,590.00,590.00,0.0,0.0,H2O2,3.50,40.00,50.00,100.00,180.00000,3.00,1.3725,-0.2370,0.0347,205379000.00,https://doi.org/10.1016/j.jtice.2017.12.011
CeO2,peroxidase,naked,1.87,0.0002229,0.00000259,7.00,6.00,6.00,6.00,0.0,0.0,DAB,7.50,30.00,882.00,0.80,2.00000,3.00,0.5600,-0.8700,0.0396,216.00,https://doi.org/10.1039/C8NJ00097B
CeO2,peroxidase,naked,12.45,0.0002229,0.00000259,7.00,12.40,12.40,12.40,0.0,0.0,DAB,7.50,30.00,882.00,0.80,2.00000,3.00,0.5600,-0.8700,0.0396,1906.62,https://doi.org/10.1039/C8NJ00097B
CeO2,peroxidase,naked,0.147,0.0022288,0.00000259,7.00,60.00,8.00,8.00,0.0,0.0,TMB,4.00,37.00,100.00,0.80,0.20000,1.00,0.5600,-0.8700,0.0396,3840.00,https://doi.org/10.1016/j.biomaterials.2015.04.039
CeO2,peroxidase,naked,293,0.0010300,0.00000259,7.00,60.00,8.00,8.00,0.0,0.0,H2O2,4.00,37.00,100.00,0.80,0.20000,1.00,0.5600,-0.8700,0.0396,3840.00,https://doi.org/10.1016/j.biomaterials.2015.04.039
CuO,peroxidase,naked,0.016,79.6115860,4.0036,2.00,6.00,6.00,6.00,0.0,0.0,TMB,4.00,37.00,1500.00,0.67,4.00000,3.00,1.9000,0.3370,0.0274,216.00,https://doi.org/10.1039/C2AN35072F
CuO,peroxidase,naked,41,0.0027988,0.00014075,2.00,6.00,6.00,6.00,0.0,0.0,H2O2,4.00,37.00,1500.00,0.67,4.00000,3.00,1.9000,0.3370,0.0274,216.00,https://doi.org/10.1039/C2AN35072F
CuO,peroxidase,naked,0.14,0.0000021,0.0000145,2.00,21.00,14.50,14.50,0.0,0.0,TMB,4.00,25.00,3.30,10.40,545.50000,3.00,1.9000,0.3370,0.0274,4415.25,https://doi.org/10.1002/cjoc.201300683
CuO,peroxidase,naked,0.013,6.9398691,3.49000205,2.00,30.00,30.00,30.00,0.0,0.0,TMB,4.00,40.00,1500.00,0.67,40.00000,3.00,1.9000,0.3370,0.0274,27000.00,https://doi.org/10.1002/cctc.201100064
CuO,peroxidase,naked,85.6,0.0000595,0.000029935,2.00,30.00,30.00,30.00,0.0,0.0,H2O2,4.00,40.00,1500.00,0.67,40.00000,3.00,1.9000,0.3370,0.0274,27000.00,https://doi.org/10.1002/cctc.201100064
MnO2,peroxidase,naked,0.08,0.0104328,0.0006,4.00,500.00,45.00,45.00,0.0,0.0,ABTS,4.00,25.00,3.00,1.00,5.00000,1.00,0.7750,-1.1800,0.0488,1012500.00,https://doi.org/10.1016/j.snb.2017.06.096
MnO2,peroxidase,naked,0.06,0.0104328,0.0006,4.00,500.00,45.00,45.00,0.0,0.0,H2O2,4.00,25.00,3.00,1.00,5.00000,1.00,0.7750,-1.1800,0.0488,1012500.00,https://doi.org/10.1016/j.snb.2017.06.096
MnO2,peroxidase,naked,0.08,0.0015215,0.00035,4.00,50.00,50.00,3.00,0.0,0.0,TMB,4.00,25.00,10.00,0.60,20.00000,2.00,0.7750,-1.1800,0.0488,7500.00,https://doi.org/10.1002/adfm.201800018
MnO2,peroxidase,naked,0.09,0.0014780,0.00034,4.00,50.00,50.00,3.00,0.0,0.0,H2O2,4.00,25.00,10.00,0.60,20.00000,2.00,0.7750,-1.1800,0.0488,7500.00,https://doi.org/10.1002/adfm.201800018
Pd,peroxidase,naked,0.74,0.0028166,0.0000442,7.00,13.30,13.30,13.30,0.0,0.0,TMB,4.00,30.00,327.00,0.17,1.67000,3.00,2.2000,0.9150,0.0000,2352.64,https://doi.org/10.1007/s10853-018-2657-x
CeO2,peroxidase,naked,0.45,0.0015871,0.0000154,7.00,58.50,13.50,13.50,0.0,0.0,TMB,4.00,27.50,327.00,0.17,1.67000,3.00,0.5600,-0.8700,0.0396,10661.63,https://doi.org/10.1007/s10853-018-2657-x
Pd,peroxidase,naked,4.5,0.0005353,0.0000084,7.00,13.30,13.30,13.30,0.0,0.0,H2O2,4.00,30.00,327.00,0.17,1.67000,3.00,2.2000,0.9150,0.0000,2352.64,https://doi.org/10.1007/s10853-018-2657-x
CeO2,peroxidase,naked,28.63,0.0005153,0.000005,7.00,58.50,13.50,13.50,0.0,0.0,H2O2,4.00,27.50,327.00,0.17,1.67000,3.00,0.5600,-0.8700,0.0396,10661.63,https://doi.org/10.1007/s10853-018-2657-x
V2O5,peroxidase,naked,0.0004,0.0057078,0.00062765,3.00,2000.00,100.00,100.00,0.0,0.0,ABTS,4.00,25.00,1.00,0.68,20.00000,1.00,0.6520,0.9580,0.0735,20000000.00,https://doi.org/10.1002/adfm.201001302
V2O5,peroxidase,naked,0.0029,0.0057078,0.00062765,3.00,2000.00,100.00,100.00,0.0,0.0,H2O2,4.00,25.00,1.00,0.68,20.00000,1.00,0.6520,0.9580,0.0735,20000000.00,https://doi.org/10.1002/adfm.201001302
VO,peroxidase,naked,0.0843,0.0009402,0.002809,7.00,3.39,3.39,3.39,0.0,0.0,H2O2,3.00,30.00,0.30,1.00,200.00000,3.00,1.6300,-1.1300,0.0215,38.96,https://doi.org/10.1016/j.microc.2019.104352
VO,peroxidase,naked,0.238,0.0009137,0.00273,7.00,3.39,3.39,3.39,0.0,0.0,TMB,3.00,30.00,0.30,1.00,200.00000,3.00,1.6300,-1.1300,0.0215,38.96,https://doi.org/10.1016/j.microc.2019.104352
VO2,peroxidase,naked,0.165,0.0000066,0.000024,4.00,150.00,40.00,25.00,0.0,0.0,TMB,4.00,25.00,5.00,0.10,300.00000,3.00,0.8150,-0.8700,0.0556,150000.00,https://doi.org/10.1039/C5RA11014A
VO2,peroxidase,naked,0.058,0.0000039,0.000014,4.00,150.00,40.00,25.00,0.0,0.0,H2O2,4.00,25.00,5.00,0.10,300.00000,3.00,0.8150,-0.8700,0.0556,150000.00,https://doi.org/10.1039/C5RA11014A
VO2,peroxidase,naked,0.146,0.0000109,0.00000131,2.00,700.00,103.10,103.10,0.0,0.0,TMB,5.00,25.00,5.00,0.10,10.00000,1.00,0.8150,-0.8700,0.0556,7440727.00,https://doi.org/10.1039/C3TA15051H
VO2,peroxidase,naked,1.69,0.0000147,0.00000177,2.00,700.00,103.10,103.10,0.0,0.0,H2O2,5.00,25.00,5.00,0.10,10.00000,1.00,0.8150,-0.8700,0.0556,7440727.00,https://doi.org/10.1039/C3TA15051H
UO2,peroxidase,naked,6.423,0.0003285,0.00000584,7.00,240.00,240.00,240.00,0.0,0.0,H2O2,4.50,25.00,4.50,0.40,4.8,3.00,0.6900,-1.798,0.0388,13824000.00,https://doi.org/10.1007/s00604-019-3624-1
UO2,peroxidase,naked,0.549,0.0003539,0.00000629,7.00,240.00,240.00,240.00,0.0,0.0,TMB,4.50,25.00,4.50,0.40,4.8,3.00,0.6900,-1.798,0.0388,13824000.00,https://doi.org/10.1007/s00604-019-3624-1
Ir,peroxidase,naked,0.12,0.2011903,0.0001256,7.00,2.40,2.40,2.40,0.0,0.0,TMB,4.00,20.00,2.00,0.25,0.12000,3.00,2.2000,1.0000,0.0000,13.82,https://doi.org/10.1039/D0RA05342B
Ir,peroxidase,naked,3.27,0.3615338,0.0002257,7.00,2.40,2.40,2.40,0.0,0.0,H2O2,4.00,20.00,2.00,0.25,0.12000,3.00,2.2000,1.0000,0.0000,13.82,https://doi.org/10.1039/D0RA05342B
Fe3O4,peroxidase,naked,1.22,0.0254126,0.00439,7.00,10.00,10.00,10.00,0.0,0.0,ABTS,3.50,25.00,40.00,0.00,40.00000,3.00,5.4900,-0.2370,0.0293,1000.00,https://doi.org/10.3390/nano10020313
Cu2O,peroxidase,naked,0.256,0.0000001,0.00000758,7.00,200.00,200.00,200.00,0.0,0.0,TMB,4.00,40.00,5.00,5.00,10000.00000,3.00,3.8000,0.5200,0.0110,8000000.00,https://doi.org/10.1039/D0TB03005H
Cu2O,peroxidase,naked,0.86,0.0000003,0.0000181,7.00,200.00,200.00,200.00,0.0,0.0,H2O2,4.00,40.00,5.00,5.00,10000.00000,3.00,3.8000,0.5200,0.0110,8000000.00,https://doi.org/10.1039/D0TB03005H
Cu2O,peroxidase,naked,0.128,0.0000002,0.0000111,7.00,200.00,200.00,200.00,0.0,0.0,TMB,4.00,40.00,5.00,5.00,10000.00000,3.00,3.8000,0.5200,0.0110,8000000.00,https://doi.org/10.1039/D0TB03005H
Cu2O,peroxidase,naked,0.729,0.0000004,0.0000268,7.00,200.00,200.00,200.00,0.0,0.0,H2O2,4.00,40.00,5.00,5.00,10000.00000,3.00,3.8000,0.5200,0.0110,8000000.00,https://doi.org/10.1039/D0TB03005H
Cu2O,peroxidase,naked,0.9,0.0005821,0.0001017,7.00,800.00,800.00,800.00,0.0,0.0,TMB,4.00,50.00,25.00,0.70,25.00000,3.00,3.8000,0.5200,0.0110,512000000.00,https://doi.org/10.1016/j.talanta.2020.121990
Cu2O,peroxidase,naked,20.38,0.0004797,0.0000838,7.00,800.00,800.00,800.00,0.0,0.0,H2O2,4.00,50.00,25.00,0.70,25.00000,3.00,3.8000,0.5200,0.0110,512000000.00,https://doi.org/10.1016/j.talanta.2020.121990
Au-Cu2O,peroxidase,naked,0.21,0.0003480,0.0000608,7.00,850.00,850.00,850.00,0.0,0.0,TMB,4.00,50.00,25.00,0.70,25.00000,3.00,1.9000,0.2600,0.0055,614125000.00,https://doi.org/10.1016/j.talanta.2020.121990
Au-Cu2O,peroxidase,naked,10.56,0.0003824,0.0000668,7.00,850.00,850.00,850.00,0.0,0.0,H2O2,4.00,50.00,25.00,0.70,25.00000,3.00,1.9000,0.2600,0.0055,614125000.00,https://doi.org/10.1016/j.talanta.2020.121990
RuO2,peroxidase,naked,0.099,0.0013970,0.00021,7.00,2.00,2.00,2.00,0.0,0.0,TMB,3.00,25.00,1.00,1.00,20.00000,3.00,2.2000,0.3800,0.0122,8.00,https://doi.org/10.1021/acsami.0c07886
RuO2,peroxidase,naked,0.146,0.0013970,0.00021,7.00,2.00,2.00,2.00,0.0,0.0,H2O2,3.00,25.00,1.00,1.00,20.00000,3.00,2.2000,0.3800,0.0122,8.00,https://doi.org/10.1021/acsami.0c07886
Au-CeO2,peroxidase,naked,0.29,0.0000447,0.000039,7.00,75.00,75.00,75.00,0.0,1.0,TMB,4.00,45.00,2000.00,1.00,150.00000,3.00,1.1200,-0.8700,0.0396,421875.00,https://doi.org/10.1016/j.jcis.2017.11.064
Au-CeO2,peroxidase,naked,44.69,0.0000256,0.0000223,7.00,75.00,75.00,75.00,0.0,1.0,H2O2,4.00,45.00,2000.00,1.00,150.00000,3.00,1.1200,-0.8700,0.0396,421875.00,https://doi.org/10.1016/j.jcis.2017.11.064
ZnCo2O4,peroxidase,naked,0.23,0.0000117,0.0000475,7.00,250.00,250.00,250.00,1.0,0.0,H2O2,5.00,45.00,100.00,50.00,1000.00000,3.00,2.7050,-0.5809,0.0314,15625000.00,https://doi.org/10.1016/j.talanta.2020.121680
ZnCo2O4,peroxidase,naked,0.4,0.0000146,0.000059,7.00,250.00,250.00,250.00,1.0,0.0,OPD,5.00,45.00,100.00,50.00,1000.00000,3.00,2.7050,-0.5809,0.0314,15625000.00,https://doi.org/10.1016/j.talanta.2020.121680
LaCoO3,peroxidase,naked,0.24,8.5798160,0.000349,5.00,70.00,70.00,70.00,0.0,1.0,TMB,6.00,25.00,100.00,25.00,0.01000,3.00,1.9867,-1.3895,0.0328,343000.00,https://doi.org/10.1039/C7NJ01177F
LaCoO3,peroxidase,naked,15,8.6044000,0.00035,5.00,70.00,70.00,70.00,0.0,1.0,H2O2,6.00,25.00,100.00,25.00,0.01000,3.00,1.9867,-1.3895,0.0328,343000.00,https://doi.org/10.1039/C7NJ01177F
LaNiO3,peroxidase,naked,0.105,0.0088911,0.000362,7.00,600.00,600.00,600.00,0.0,1.0,TMB,4.50,37.00,40.00,1.00,10.00000,3.00,2.0067,-1.3145,0.0309,216000000.00,https://doi.org/10.7150/thno.19257
LaNiO3,peroxidase,naked,90.05,0.0638586,0.0026,7.00,600.00,600.00,600.00,0.0,1.0,H2O2,4.50,37.00,40.00,1.00,10.00000,3.00,2.0067,-1.3145,0.0309,216000000.00,https://doi.org/10.7150/thno.19257
CeVO4,peroxidase,naked,1.326,0.0000307,0.0000361,4.00,80.00,10.00,10.00,0.0,1.0,TMB,4.00,25.00,2.00,0.80,300.00000,1.00,1.3750,-0.6890,0.0498,8000.00,https://doi.org/10.1039/C6TB01881E
CeVO4,peroxidase,naked,0.157,0.0000725,0.0000853,4.00,80.00,10.00,10.00,0.0,1.0,H2O2,4.00,25.00,2.00,0.80,300.00000,1.00,1.3750,-0.6890,0.0498,8000.00,https://doi.org/10.1039/C6TB01881E
Tb2(MoO4)3,peroxidase,naked,0.911,0.0000016,0.0000101,4.00,300.00,300.00,40.00,0.0,0.0,TMB,4.00,25.00,0.20,1.30,5000.00000,2.00,1.4867,-1.1405,0.0536,3600000.00,https://doi.org/10.1016/j.saa.2017.06.006
Tb2(MoO4)3,peroxidase,naked,0.035,0.0000043,0.0000268,4.00,300.00,300.00,40.00,0.0,0.0,H2O2,4.00,25.00,0.20,1.30,5000.00000,2.00,1.4867,-1.1405,0.0536,3600000.00,https://doi.org/10.1016/j.saa.2017.06.006
NiPd,peroxidase,naked,0.11,0.0005577,0.0000152,5.00,40.00,40.00,40.00,0.0,1.0,TMB,5.00,25.00,50.00,0.25,4.50000,3.00,2.0550,0.3325,0.0000,64000.00,https://doi.org/10.1039/C6CC00194G
NiPd,peroxidase,naked,0.66,0.0096052,0.0002618,5.00,40.00,40.00,40.00,0.0,1.0,H2O2,5.00,25.00,50.00,0.25,4.50000,3.00,2.0550,0.3325,0.0000,64000.00,https://doi.org/10.1039/C6CC00194G
NiTe,peroxidase,naked,0.11,0.0000040,0.0000427,5.00,5000.00,45.00,45.00,0.0,0.0,ABTS,4.00,30.00,0.10,60.00,2000.00000,1.00,2.0050,0.1395,0.0000,10125000.00,https://doi.org/10.1039/C4CC06684G
Pt,peroxidase,naked,1.361,0.0060419,0.003097,7.00,30.00,30.00,30.00,0.0,1.0,TMB,4.00,22.00,1000.00,100.00,100.00000,3.00,2.2800,1.1880,0.0000,27000.00,https://doi.org/10.1002/adhm.201500173
Pt,peroxidase,naked,0.42,0.0003637,0.0000302,7.00,2.00,2.00,2.00,0.0,1.0,TMB,5.00,22.00,500.00,0.42,16.20000,3.00,2.2800,1.1880,0.0000,8.00,https://doi.org/10.1016/j.aca.2014.10.011
Pt,peroxidase,naked,0.096,0.0000184,0.0001414,7.00,3.00,3.00,3.00,0.0,0.0,TMB,5.00,30.00,10.00,0.50,1500.00000,3.00,2.2800,1.1880,0.0000,27.00,https://doi.org/10.1021/acsami.7b01616
Pt,peroxidase,naked,3.07,0.0000236,0.0001817,7.00,3.00,3.00,3.00,0.0,0.0,H2O2,5.00,30.00,10.00,0.50,1500.00000,3.00,2.2800,1.1880,0.0000,27.00,https://doi.org/10.1021/acsami.7b01616
Ru,peroxidase,naked,0.234,0.0500297,0.00495,2.00,25.00,25.00,25.00,0.0,0.0,TMB,7.40,22.00,0.10,0.10,10.00000,3.00,2.2000,0.4500,0.0000,15625.00,https://doi.org/10.1039/C7RA10370K
Ru,peroxidase,naked,2.206,0.3533407,0.03496,2.00,25.00,25.00,25.00,0.0,0.0,H2O2,7.40,22.00,0.10,0.10,10.00000,3.00,2.2000,0.4500,0.0000,15625.00,https://doi.org/10.1039/C7RA10370K
Au,peroxidase,PEG(polyethylene glycol),0.155,0.0001414,0.0000832,0.00,8.10,8.10,8.10,0.0,0.0,TMB,4.00,37.00,1000.00,0.50,110,3.00,2.5400,1.6920,0.0000,531.44,https://doi.org/10.1007/s13205-017-1082-1
Au,peroxidase,PEG(polyethylene glycol),191,0.0001704,0.0000638,0.00,8.10,8.10,8.10,0.0,0.0,H2O2,4.00,37.00,1000.00,0.50,70,3.00,2.5400,1.6920,0.0000,531.44,https://doi.org/10.1007/s13205-017-1082-1
Au,peroxidase,PEG(polyethylene glycol)+ATP,0.197,0.0002499,0.000147,0.00,8.10,8.10,8.10,0.0,0.0,TMB,4.00,37.00,1000.00,0.50,110,3.00,2.5400,1.6920,0.0000,531.44,https://doi.org/10.1007/s13205-017-1082-1
Au,peroxidase,PEG(polyethylene glycol)+ATP,175,0.0002340,0.0000876,0.00,8.10,8.10,8.10,0.0,0.0,H2O2,4.00,37.00,1000.00,0.50,70,3.00,2.5400,1.6920,0.0000,531.44,https://doi.org/10.1007/s13205-017-1082-1
Au,peroxidase,trisodium citrate,0.134,0.0001640,0.0000965,0.00,15.30,15.30,15.30,0.0,0.0,TMB,4.00,37.00,1000.00,0.50,110,3.00,2.5400,1.6920,0.0000,3581.58,https://doi.org/10.1007/s13205-017-1082-1
Au,peroxidase,trisodium citrate,213,0.0002831,0.000106,0.00,15.30,15.30,15.30,0.0,0.0,H2O2,4.00,37.00,1000.00,0.50,70,3.00,2.5400,1.6920,0.0000,3581.58,https://doi.org/10.1007/s13205-017-1082-1
Au,peroxidase,trisodium citrate+ATP,0.168,0.0002227,0.000131,0.00,15.30,15.30,15.30,0.0,0.0,TMB,4.00,37.00,1000.00,0.50,110,3.00,2.5400,1.6920,0.0000,3581.58,https://doi.org/10.1007/s13205-017-1082-1
Au,peroxidase,trisodium citrate+ATP,196,0.0002626,0.0000983,0.00,15.30,15.30,15.30,0.0,0.0,H2O2,4.00,37.00,1000.00,0.50,70,3.00,2.5400,1.6920,0.0000,3581.58,https://doi.org/10.1007/s13205-017-1082-1
CeO2,peroxidase,F-,0.062,0.0000947,0.0000055,7.00,5.00,5.00,5.00,0.0,0.0,ABTS,4.00,25.00,1.00,5.00,10,3.00,1.1200,-0.8700,0.0396,125.00,https://doi.org/10.1039/C6NR02730J
CeO2,peroxidase,F-,0.14,0.0000108,0.00000063,7.00,5.00,5.00,5.00,0.0,0.0,TMB,4.00,25.00,1.00,5.00,10,3.00,1.1200,-0.8700,0.0396,125.00,https://doi.org/10.1039/C6NR02730J
CeO2,peroxidase,H2TCPP (5;10;15;20-tetrakis(4-carboxyl phenyl)-porphyrin),1.06,0.0011574,0.000269,7.00,200.00,21.00,21.00,0.0,0.0,TMB,3.80,40.00,25.00,0.05,40,1.00,1.1200,-0.8700,0.0396,88200.00,https://doi.org/10.1016/j.msec.2015.10.046
CeO2,peroxidase,H2TCPP (5;10;15;20-tetrakis(4-carboxyl phenyl)-porphyrin),36.6,0.0000213,0.00000496,7.00,200.00,21.00,21.00,0.0,0.0,H2O2,3.80,40.00,25.00,0.05,40,1.00,1.1200,-0.8700,0.0396,88200.00,https://doi.org/10.1016/j.msec.2015.10.046
CeO2,peroxidase,H2TCPP (5;10;15;20-tetrakis(4-carboxyl phenyl)-porphyrin),0.0854,0.1871696,0.0000435,7.00,4.00,4.00,4.00,0.0,0.0,TMB,3.80,40.00,25.00,0.05,0.04,3.00,1.1200,-0.8700,0.0396,64.00,https://doi.org/10.1016/j.snb.2016.09.049
CeO2,peroxidase,H2TCPP (5;10;15;20-tetrakis(4-carboxyl phenyl)-porphyrin),0.254,0.0563660,0.0000131,7.00,4.00,4.00,4.00,0.0,0.0,H2O2,3.80,40.00,25.00,0.05,0.04,3.00,1.1200,-0.8700,0.0396,64.00,https://doi.org/10.1016/j.snb.2016.09.049
Fe3O4,peroxidase,Adenosine triphosphate,0.088,0.0000188,0.00000406,7.00,500.00,500.00,500.00,0.0,0.0,TMB,4.00,25.00,10.00,0.50,50,3.00,5.4900,-0.4400,0.0347,125000000.00,https://doi.org/10.1021/acs.analchem.9b04116
Fe3O4,peroxidase,Adenosine triphosphate,30.24,0.0000158,0.00000342,7.00,500.00,500.00,500.00,0.0,0.0,H2O2,4.00,25.00,10.00,0.50,50,3.00,5.4900,-0.4400,0.0347,125000000.00,https://doi.org/10.1021/acs.analchem.9b04116
Fe3O4,peroxidase,Citric,0.24,0.0001125,0.00017,7.00,30.00,30.00,30.00,0.0,0.0,TMB,7.40,37.00,530.00,3.00,350,3.00,5.4900,-0.4400,0.0347,27000.00,https://doi.org/10.1016/j.biomaterials.2009.05.005
Fe3O4,peroxidase,Carboxymethyl dextran,0.3,0.0000827,0.000125,7.00,40.00,40.00,40.00,0.0,0.0,TMB,7.40,37.00,530.00,3.00,350,3.00,5.4900,-0.4400,0.0347,64000.00,https://doi.org/10.1016/j.biomaterials.2009.05.005
Fe3O4,peroxidase,Heparin,0.22,0.0001588,0.00024,7.00,40.00,40.00,40.00,0.0,0.0,TMB,7.40,37.00,530.00,3.00,350,3.00,5.4900,-0.4400,0.0347,64000.00,https://doi.org/10.1016/j.biomaterials.2009.05.005
Fe3O4,peroxidase,Glycine,0.55,0.0000635,0.000096,7.00,40.00,40.00,40.00,0.0,0.0,TMB,7.40,37.00,530.00,3.00,350,3.00,5.4900,-0.4400,0.0347,64000.00,https://doi.org/10.1016/j.biomaterials.2009.05.005
Fe3O4,peroxidase,Polylysine,0.69,0.0000304,0.000046,7.00,40.00,40.00,40.00,0.0,0.0,TMB,7.40,37.00,530.00,3.00,350,3.00,5.4900,-0.4400,0.0347,64000.00,https://doi.org/10.1016/j.biomaterials.2009.05.005
Fe3O4,peroxidase,Polyethylenimine,0.71,0.0000278,0.000042,7.00,40.00,40.00,40.00,0.0,0.0,TMB,7.40,37.00,530.00,3.00,350,3.00,5.4900,-0.4400,0.0347,64000.00,https://doi.org/10.1016/j.biomaterials.2009.05.005
Fe3O4,peroxidase,Citric,0.73,0.0000959,0.000145,7.00,30.00,30.00,30.00,0.0,0.0,ABTS,7.40,37.00,530.00,2.50,350,3.00,5.4900,-0.4400,0.0347,27000.00,https://doi.org/10.1016/j.biomaterials.2009.05.005
Fe3O4,peroxidase,Carboxymethyl dextran,0.81,0.0000761,0.000115,7.00,40.00,40.00,40.00,0.0,0.0,ABTS,7.40,37.00,530.00,2.50,350,3.00,5.4900,-0.4400,0.0347,64000.00,https://doi.org/10.1016/j.biomaterials.2009.05.005
Fe3O4,peroxidase,Heparin,0.96,0.0000344,0.000052,7.00,40.00,40.00,40.00,0.0,0.0,ABTS,7.40,37.00,530.00,2.50,350,3.00,5.4900,-0.4400,0.0347,64000.00,https://doi.org/10.1016/j.biomaterials.2009.05.005
Fe3O4,peroxidase,Glycine,0.2,0.0001965,0.000297,7.00,40.00,40.00,40.00,0.0,0.0,ABTS,7.40,37.00,530.00,2.50,350,3.00,5.4900,-0.4400,0.0347,64000.00,https://doi.org/10.1016/j.biomaterials.2009.05.005
Fe3O4,peroxidase,Polylysine,0.19,0.0002977,0.00045,7.00,40.00,40.00,40.00,0.0,0.0,ABTS,7.40,37.00,530.00,2.50,350,3.00,5.4900,-0.4400,0.0347,64000.00,https://doi.org/10.1016/j.biomaterials.2009.05.005
Fe3O4,peroxidase,Polyethylenimine,0.12,0.0004036,0.00061,7.00,40.00,40.00,40.00,0.0,0.0,ABTS,7.40,37.00,530.00,2.50,350,3.00,5.4900,-0.4400,0.0347,64000.00,https://doi.org/10.1016/j.biomaterials.2009.05.005
Fe3O4,peroxidase,Dopamine,0.00275,0.0001644,0.0000142,7.00,3.50,3.50,3.50,0.0,0.0,H2O2,4.60,25.00,100.00,3.65,20,3.00,5.4900,-0.4400,0.0347,42.88,https://doi.org/10.1088/1361-6463/aa5bf6
MnFe2O4,peroxidase,Dopamine,0.00034,0.0013746,0.0001192,0.00,2.70,2.70,2.70,0.0,0.0,H2O2,4.60,25.00,100.00,3.65,20,3.00,0.7750,-0.8100,0.0341,19.68,https://doi.org/10.1088/1361-6463/aa5bf6
NiFe2O4,peroxidase,Dopamine,0.00034,0.0004641,0.0000396,0.00,2.60,2.60,2.60,0.0,0.0,H2O2,4.60,25.00,100.00,3.65,20,3.00,0.9550,-0.3450,0.0362,17.58,https://doi.org/10.1088/1361-6463/aa5bf6
CuFe2O4,peroxidase,Dopamine,0.00118,0.0009491,0.0000823,0.00,2.30,2.30,2.30,0.0,0.0,H2O2,4.60,25.00,100.00,3.65,20,3.00,0.9500,-0.0515,0.0354,12.17,https://doi.org/10.1088/1361-6463/aa5bf6
CoFe2O4,peroxidase,Dopamine,0.00521,0.0028038,0.000239,0.00,2.20,2.20,2.20,0.0,0.0,H2O2,4.60,25.00,100.00,3.65,20,3.00,0.9400,-0.3600,0.0371,10.65,https://doi.org/10.1088/1361-6463/aa5bf6
Ir,peroxidase,tannic acid,0.03,0.0085009,0.000017,0.00,3.50,3.50,3.50,0.0,1.0,TMB,4.00,35.00,2.00,0.25,0.38440,3.00,2.2000,1.0000,0.0000,42.88,https://doi.org/10.1016/j.snb.2016.11.145
Ir,peroxidase,tannin acid,18.02,0.0405042,0.000081,0.00,3.50,3.50,3.50,0.0,1.0,H2O2,4.00,35.00,2.00,0.25,0.38440,3.00,2.2000,1.0000,0.0000,42.88,https://doi.org/10.1016/j.snb.2016.11.145
FeWO4,peroxidase,PEG(polyethylene glycol),0.03,0.0002450,0.0001225,2.00,15.70,15.70,15.70,1.0,0.0,TMB,4.00,25.00,0.10,0.30,0,3.00,0.9150,-0.2650,0.0539,3869.89,https://doi.org/10.1002/smll.202003496
FeWO4,peroxidase,PEG(polyethylene glycol),3.26,0.0087000,0.00435,2.00,15.70,15.70,15.70,1.0,0.0,H2O2,4.00,25.00,0.10,0.30,0,3.00,0.9150,-0.2650,0.0539,3869.89,https://doi.org/10.1002/smll.202003496
Fe2O3,peroxidase,Dopamine-COOH,0.0992,0.0000316,0.00000156,7.00,250.00,250.00,250.00,0.0,0.0,TMB,3.60,25.00,700.00,0.90,15,3.00,3.6600,-0.0370,0.0435,15625000.00,https://doi.org/10.1021/acsanm.0c02807
Fe2O3,peroxidase,Dopamine-COOH,114,0.0000399,0.00000197,7.00,250.00,250.00,250.00,0.0,0.0,H2O2,3.60,25.00,700.00,0.90,15,3.00,3.6600,-0.0370,0.0435,15625000.00,https://doi.org/10.1021/acsanm.0c02807
CeO2,oxidase,naked,0.18,0.0020653,0.0012,0.00,5.00,5.00,5.00,0.0,0.0,ABTS,4.00,25.00,0.00,2.00,100,3.00,0.5600,-0.8700,0.0396,125,https://doi.org/10.1039/C6NR02730J
CeO2,oxidase,naked,1.5,0.0009466,0.00055,0.00,5.00,5.00,5.00,0.0,0.0,TMB,4.00,25.00,0.00,0.10,100,3.00,0.5600,-0.8700,0.0396,125,https://doi.org/10.1039/C6NR02730J
Mn3O4,oxidase,naked,0.025,0.0023202,0.0000507,4.00,150.00,150.00,150.00,0.0,0.0,TMB,3.50,35.00,0.00,0.10,5,3.00,1.1625,-1.1800,0.0327,3375000,https://doi.org/10.1039/C5AY01732G
MnO2,oxidase,naked,0.0612,0.0005321,0.000306,4.00,70.00,70.00,70.00,0.0,0.0,AR,9.00,25.00,0.00,0.01,50,3.00,0.7750,-1.1800,0.0597,343000,https://doi.org/10.1016/j.jcis.2019.01.061
Fe3O4,oxidase,naked,0.0963,0.0000051,0.0000011,7.00,35.00,35.00,35.00,0.0,0.0,AR,9.00,25.00,0.00,0.01,50,3.00,1.3725,-0.2390,0.0347,42875,https://doi.org/10.1016/j.jcis.2019.01.061
Mn2Fe2O5,oxidase,naked,0.0342,0.0014717,0.000244,0.00,75.00,75.00,75.00,0.0,0.0,AR,9.00,25.00,0.00,0.01,50,3.00,1.9720,-0.6085,0.0339,421875,https://doi.org/10.1016/j.jcis.2019.01.061
Mn2Fe2O5,oxidase,naked,0.0401,0.0018698,0.00031,0.00,51.00,51.00,51.00,0.0,0.0,AR,9.00,25.00,0.00,0.01,50,3.00,1.9720,-0.6085,0.0339,132651,https://doi.org/10.1016/j.jcis.2019.01.061
Mn2Fe2O5,oxidase,naked,0.0486,0.0037698,0.000625,0.00,39.00,39.00,39.00,0.0,0.0,AR,9.00,25.00,0.00,0.01,50,3.00,1.9720,-0.6085,0.0339,59319,https://doi.org/10.1016/j.jcis.2019.01.061
CeO2,oxidase,naked,0.96,0.0163505,0.00019,7.00,10.20,10.20,10.20,1.0,0.0,TMB,4.00,25.00,0.00,10.00,2,3.00,0.5600,-0.8700,0.0396,1061.208,https://doi.org/10.1039/D0NR04177G
CeO2,oxidase,naked,26.64,0.0051633,0.00006,7.00,31.10,31.10,31.10,1.0,0.0,TMB,4.00,25.00,0.00,10.00,2,3.00,0.5600,-0.8700,0.0396,30080.231,https://doi.org/10.1039/D0NR04177G
CeO2,oxidase,naked,0.07,0.0086055,0.0001,7.00,6.10,6.10,6.10,1.0,0.0,TMB,4.00,25.00,0.00,10.00,2,3.00,0.5600,-0.8700,0.0396,226.981,https://doi.org/10.1039/D0NR04177G
CeO2,oxidase,naked,0.35,0.0001205,0.00014,7.00,150.00,8.00,8.00,0.0,0.0,TMB,4.00,25.00,0.00,0.50,200,1.00,0.5600,-0.8700,0.0396,9600,https://doi.org/10.1016/j.cej.2017.08.026
MnFe2O4,oxidase,naked,0.03776,0.0821331,0.00032,0.00,150.00,150.00,150.00,0.0,0.0,TMB,4.00,28.00,0.00,0.60,0.8986,3.00,2.6050,-0.6085,0.0339,3375000,https://doi.org/10.1002/asia.201500942
Co3O4,oxidase,naked,0.051,0.0001987,0.000033,7.00,5.00,5.00,5.00,0.0,0.0,TMB,4.00,40.00,0.00,0.25,40,3.00,1.4100,-0.3400,0.0339,125,https://doi.org/10.1021/jf500950p
Co3O4,oxidase,naked,0.037,0.0001926,0.000032,7.00,5.00,5.00,5.00,0.0,0.0,ABTS,4.00,40.00,0.00,0.25,40,3.00,1.4100,-0.3400,0.0339,125,https://doi.org/10.1021/jf500950p
NiO,oxidase,naked,0.00062,,,7.00,20.00,20.00,20.00,0.0,0.0,AR,7.40,25.00,0.00,0.00,30,3.00,1.9100,-0.2500,0.0241,8000,https://doi.org/10.1039/C8CC07062H
CuCo2O4,oxidase,naked,0.032,0.0005325,0.000217,0.00,1500.00,300.00,300.00,0.0,0.0,TMB,4.00,25.00,0.00,0.10,100,1.00,2.8300,-0.0315,0.0356,135000000,https://doi.org/10.1016/j.colsurfb.2019.110764
MnCo2O4,oxidase,naked,0.009,0.0014303,0.0000604,7.00,60.00,60.00,60.00,1.0,0.0,TMB,4.00,25.00,0.00,0.50,10,3.00,2.6550,-0.7900,0.0342,216000,https://doi.org/10.1016/j.snb.2018.04.150
NiCo2O4,oxidase,naked,0.127,0.1201597,0.00000999,0.00,100.00,100.00,100.00,1.0,0.0,TMB,4.00,37.00,0.00,0.80,0.02,3.00,2.8350,-0.3250,0.0364,1000000,https://doi.org/10.1016/j.aca.2016.11.035
Co3O4,oxidase,naked,0.0469,0.3684240,0.0459,7.00,360.00,360.00,360.00,0.0,0.0,TMB,4.50,30.00,0.00,0.50,30,3.00,1.4100,-0.3400,0.0338,46656000,https://doi.org/10.1016/j.bios.2020.112342
MoO3,oxidase,naked,1.6769,,0,3.00,3.00,3.00,3.00,0.0,0.0,ABTS,5.00,37.00,0.00,30.00,50,3.00,0.7200,-1.0500,0.0822,27,https://doi.org/10.1016/j.aca.2020.01.035
CeO2,oxidase,poly(acrylic acid),3.8,0.0240954,0.0007,7.00,5.00,5.00,5.00,0.0,0.0,TMB,4.00,37.00,0.00,0.04,5,3.00,0.3250,-0.8700,0.0396,125.00,https://doi.org/10.1002/ange.200805279
CeO2,oxidase,poly(acrylic acid),6.9,0.0123919,0.00036,7.00,5.00,5.00,5.00,0.0,0.0,TMB,5.00,37.00,0.00,0.04,5,3.00,0.3250,-0.8700,0.0396,125.00,https://doi.org/10.1002/ange.200805279
CeO2,oxidase,poly(acrylic acid),2.4,0.0034422,0.0001,7.00,5.00,5.00,5.00,0.0,0.0,TMB,6.00,37.00,0.00,0.04,5,3.00,0.3250,-0.8700,0.0396,125.00,https://doi.org/10.1002/ange.200805279
CeO2,oxidase,poly(acrylic acid),1.3,0.0034422,0.0001,7.00,5.00,5.00,5.00,0.0,0.0,TMB,7.00,37.00,0.00,0.04,5,3.00,0.3250,-0.8700,0.0396,125.00,https://doi.org/10.1002/ange.200805279
CeO2,oxidase,poly(acrylic acid),1.9,0.0206532,0.0006,7.00,12.00,12.00,12.00,0.0,0.0,TMB,4.00,37.00,0.00,0.04,5,3.00,0.3250,-0.8700,0.0396,1728.00,https://doi.org/10.1002/ange.200805279
CeO2,oxidase,dextran,1.8,0.0172110,0.0005,7.00,14.00,14.00,14.00,0.0,0.0,TMB,4.00,37.00,0.00,0.04,5,3.00,0.3250,-0.8700,0.0396,2744.00,https://doi.org/10.1002/ange.200805279
CeO2,oxidase,dextran,0.8,0.0103266,0.0003,7.00,100.00,100.00,100.00,0.0,0.0,TMB,4.00,37.00,0.00,0.04,5,3.00,0.3250,-0.8700,0.0396,1000000.00,https://doi.org/10.1002/ange.200805279
MnO2,oxidase,PGMA,0.59,0.0000932,0.00134,4.00,4500.00,4500.00,4500.00,0.0,0.0,OPD,7.00,25.00,0.00,0.10,1250,3.00,0.7750,-1.1800,0.0597,91125000000.00,https://doi.org/10.1039/C9NJ03527C
MnO2,oxidase,PGMA,2.595,0.0006100,0.00877,4.00,4500.00,4500.00,4500.00,0.0,0.0,OPD,7.00,25.00,0.00,0.10,1250,3.00,0.7750,-1.1800,0.0597,91125000000.00,https://doi.org/10.1039/C9NJ03527C
Co3O4,catalase,naked,34.3,0.1348480,0.0112,7.00,19.00,19.00,19.00,0.0,0.0,H2O2,10.00,25.00,20.00,5.00,20,3.00,1.4100,-0.3400,0.0339,6859,https://doi.org/10.1016/j.molcata.2013.05.016
Mn3O4,catalase,naked,0.441,0.2425492,0.0053,4.00,50.00,50.00,50.00,0.0,0.0,H2O2,7.00,25.00,1.00,1.00,5,3.00,1.1625,-1.1800,0.0327,125000,https://doi.org/10.1002/chem.201800770
Mn3O4,catalase,naked,0.613,0.2654312,0.0058,4.00,40.00,10.00,10.00,0.0,0.0,H2O2,7.00,25.00,1.00,1.00,5,3.00,1.1625,-1.1800,0.0327,4000,https://doi.org/10.1002/chem.201800770
Mn3O4,catalase,naked,0.367,0.3386536,0.0074,4.00,130.00,130.00,10.00,0.0,0.0,H2O2,7.00,25.00,1.00,1.00,5,2.00,1.1625,-1.1800,0.0327,169000,https://doi.org/10.1002/chem.201800770
Mn3O4,catalase,naked,0.69,0.9976552,0.0218,4.00,60.00,60.00,10.00,0.0,0.0,H2O2,7.00,25.00,1.00,1.00,5,3.00,1.1625,-1.1800,0.0327,36000,https://doi.org/10.1002/chem.201800770
Mn3O4,catalase,naked,0.52,5.5877844,0.1221,4.00,140.00,140.00,140.00,0.0,0.0,H2O2,7.00,25.00,1.00,1.00,5,3.00,1.1625,-1.1800,0.0327,2744000,https://doi.org/10.1002/chem.201800770
RuO2,catalase,naked,3.59,0.2539060,0.038167,7.00,2.00,2.00,2.00,0.0,0.0,H2O2,0.00,0.00,1.00,0.00,20,3.00,3.8000,0.5200,0.0110,8,https://doi.org/10.1021/acsami.0c07886
,,,,,,,,,,,,,,,,,,,,,,,
,,,,,,,,,,,,,,,,,,,,,,,
,,,,,,,,,,,,,,,,,,,,,,,
,,,,,,,,,,,,,,,,,,,,,,,
,,,,,,,,,,,,,,,,,,,,,,,
,,,,,,,,,,,,,,,,,,,,,,,
,,,,,,,,,,,,,,,,,,,,,,,
,,,,,,,,,,,,,,,,,,,,,,,
,,,,,,,,,,,,,,,,,,,,,,,
,,,,,,,,,,,,,,,,,,,,,,,
,,,,,,,,,,,,,,,,,,,,,,,
,,,,,,,,,,,,,,,,,,,,,,,
,,,,,,,,,,,,,,,,,,,,,,,
,,,,,,,,,,,,,,,,,,,,,,,
,,,,,,,,,,,,,,,,,,,,,,,
,,,,,,,,,,,,,,,,,,,,,,,
,,,,,,,,,,,,,,,,,,,,,,,
,,,,,,,,,,,,,,,,,,,,,,,
,,,,,,,,,,,,,,,,,,,,,,,
,,,,,,,,,,,,,,,,,,,,,,,
,,,,,,,,,,,,,,,,,,,,,,,
,,,,,,,,,,,,,,,,,,,,,,,
,,,,,,,,,,,,,,,,,,,,,,,
,,,,,,,,,,,,,,,,,,,,,,,
,,,,,,,,,,,,,,,,,,,,,,,
,,,,,,,,,,,,,,,,,,,,,,,
,,,,,,,,,,,,,,,,,,,,,,,
,,,,,,,,,,,,,,,,,,,,,,,
,,,,,,,,,,,,,,,,,,,,,,,
,,,,,,,,,,,,,,,,,,,,,,,
,,,,,,,,,,,,,,,,,,,,,,,
,,,,,,,,,,,,,,,,,,,,,,,
,,,,,,,,,,,,,,,,,,,,,,,
,,,,,,,,,,,,,,,,,,,,,,,
,,,,,,,,,,,,,,,,,,,,,,,
,,,,,,,,,,,,,,,,,,,,,,,
,,,,,,,,,,,,,,,,,,,,,,,
,,,,,,,,,,,,,,,,,,,,,,,
,,,,,,,,,,,,,,,,,,,,,,,
,,,,,,,,,,,,,,,,,,,,,,,
,,,,,,,,,,,,,,,,,,,,,,,
,,,,,,,,,,,,,,,,,,,,,,,
,,,,,,,,,,,,,,,,,,,,,,,
,,,,,,,,,,,,,,,,,,,,,,,
,,,,,,,,,,,,,,,,,,,,,,,
,,,,,,,,,,,,,,,,,,,,,,,
,,,,,,,,,,,,,,,,,,,,,,,
,,,,,,,,,,,,,,,,,,,,,,,
,,,,,,,,,,,,,,,,,,,,,,,
,,,,,,,,,,,,,,,,,,,,,,,
,,,,,,,,,,,,,,,,,,,,,,,
,,,,,,,,,,,,,,,,,,,,,,,
,,,,,,,,,,,,,,,,,,,,,,,
,,,,,,,,,,,,,,,,,,,,,,,
,,,,,,,,,,,,,,,,,,,,,,,
,,,,,,,,,,,,,,,,,,,,,,,
,,,,,,,,,,,,,,,,,,,,,,,
,,,,,,,,,,,,,,,,,,,,,,,
,,,,,,,,,,,,,,,,,,,,,,,
,,,,,,,,,,,,,,,,,,,,,,,
,,,,,,,,,,,,,,,,,,,,,,,
,,,,,,,,,,,,,,,,,,,,,,,
,,,,,,,,,,,,,,,,,,,,,,,
,,,,,,,,,,,,,,,,,,,,,,,
,,,,,,,,,,,,,,,,,,,,,,,
,,,,,,,,,,,,,,,,,,,,,,,
,,,,,,,,,,,,,,,,,,,,,,,
,,,,,,,,,,,,,,,,,,,,,,,
,,,,,,,,,,,,,,,,,,,,,,,
,,,,,,,,,,,,,,,,,,,,,,,
,,,,,,,,,,,,,,,,,,,,,,,
,,,,,,,,,,,,,,,,,,,,,,,
,,,,,,,,,,,,,,,,,,,,,,,
,,,,,,,,,,,,,,,,,,,,,,,
,,,,,,,,,,,,,,,,,,,,,,,
,,,,,,,,,,,,,,,,,,,,,,,
,,,,,,,,,,,,,,,,,,,,,,,
,,,,,,,,,,,,,,,,,,,,,,,
,,,,,,,,,,,,,,,,,,,,,,,
,,,,,,,,,,,,,,,,,,,,,,,
,,,,,,,,,,,,,,,,,,,,,,,
,,,,,,,,,,,,,,,,,,,,,,,
,,,,,,,,,,,,,,,,,,,,,,,
,,,,,,,,,,,,,,,,,,,,,,,
,,,,,,,,,,,,,,,,,,,,,,,
,,,,,,,,,,,,,,,,,,,,,,,
,,,,,,,,,,,,,,,,,,,,,,,
,,,,,,,,,,,,,,,,,,,,,,,
,,,,,,,,,,,,,,,,,,,,,,,
,,,,,,,,,,,,,,,,,,,,,,,
,,,,,,,,,,,,,,,,,,,,,,,
,,,,,,,,,,,,,,,,,,,,,,,
,,,,,,,,,,,,,,,,,,,,,,,
,,,,,,,,,,,,,,,,,,,,,,,
,,,,,,,,,,,,,,,,,,,,,,,
,,,,,,,,,,,,,,,,,,,,,,,
,,,,,,,,,,,,,,,,,,,,,,,
,,,,,,,,,,,,,,,,,,,,,,,
,,,,,,,,,,,,,,,,,,,,,,,
,,,,,,,,,,,,,,,,,,,,,,,
,,,,,,,,,,,,,,,,,,,,,,,
,,,,,,,,,,,,,,,,,,,,,,,
,,,,,,,,,,,,,,,,,,,,,,,
,,,,,,,,,,,,,,,,,,,,,,,
,,,,,,,,,,,,,,,,,,,,,,,
,,,,,,,,,,,,,,,,,,,,,,,
,,,,,,,,,,,,,,,,,,,,,,,
,,,,,,,,,,,,,,,,,,,,,,,
,,,,,,,,,,,,,,,,,,,,,,,
,,,,,,,,,,,,,,,,,,,,,,,
,,,,,,,,,,,,,,,,,,,,,,,
,,,,,,,,,,,,,,,,,,,,,,,
,,,,,,,,,,,,,,,,,,,,,,,
,,,,,,,,,,,,,,,,,,,,,,,
,,,,,,,,,,,,,,,,,,,,,,,
,,,,,,,,,,,,,,,,,,,,,,,
,,,,,,,,,,,,,,,,,,,,,,,
,,,,,,,,,,,,,,,,,,,,,,,
,,,,,,,,,,,,,,,,,,,,,,,
,,,,,,,,,,,,,,,,,,,,,,,
,,,,,,,,,,,,,,,,,,,,,,,
,,,,,,,,,,,,,,,,,,,,,,,
,,,,,,,,,,,,,,,,,,,,,,,
,,,,,,,,,,,,,,,,,,,,,,,
,,,,,,,,,,,,,,,,,,,,,,,
,,,,,,,,,,,,,,,,,,,,,,,
,,,,,,,,,,,,,,,,,,,,,,,
,,,,,,,,,,,,,,,,,,,,,,,
,,,,,,,,,,,,,,,,,,,,,,,
,,,,,,,,,,,,,,,,,,,,,,,
,,,,,,,,,,,,,,,,,,,,,,,
,,,,,,,,,,,,,,,,,,,,,,,
,,,,,,,,,,,,,,,,,,,,,,,
,,,,,,,,,,,,,,,,,,,,,,,
,,,,,,,,,,,,,,,,,,,,,,,
,,,,,,,,,,,,,,,,,,,,,,,
,,,,,,,,,,,,,,,,,,,,,,,
,,,,,,,,,,,,,,,,,,,,,,,
,,,,,,,,,,,,,,,,,,,,,,,
,,,,,,,,,,,,,,,,,,,,,,,
,,,,,,,,,,,,,,,,,,,,,,,
,,,,,,,,,,,,,,,,,,,,,,,
,,,,,,,,,,,,,,,,,,,,,,,
,,,,,,,,,,,,,,,,,,,,,,,
,,,,,,,,,,,,,,,,,,,,,,,
,,,,,,,,,,,,,,,,,,,,,,,
,,,,,,,,,,,,,,,,,,,,,,,
,,,,,,,,,,,,,,,,,,,,,,,
,,,,,,,,,,,,,,,,,,,,,,,
,,,,,,,,,,,,,,,,,,,,,,,
,,,,,,,,,,,,,,,,,,,,,,,
,,,,,,,,,,,,,,,,,,,,,,,
,,,,,,,,,,,,,,,,,,,,,,,
,,,,,,,,,,,,,,,,,,,,,,,
,,,,,,,,,,,,,,,,,,,,,,,
,,,,,,,,,,,,,,,,,,,,,,,
,,,,,,,,,,,,,,,,,,,,,,,
,,,,,,,,,,,,,,,,,,,,,,,
,,,,,,,,,,,,,,,,,,,,,,,
,,,,,,,,,,,,,,,,,,,,,,,
,,,,,,,,,,,,,,,,,,,,,,,
,,,,,,,,,,,,,,,,,,,,,,,
,,,,,,,,,,,,,,,,,,,,,,,
,,,,,,,,,,,,,,,,,,,,,,,
,,,,,,,,,,,,,,,,,,,,,,,
,,,,,,,,,,,,,,,,,,,,,,,
,,,,,,,,,,,,,,,,,,,,,,,
,,,,,,,,,,,,,,,,,,,,,,,
,,,,,,,,,,,,,,,,,,,,,,,
,,,,,,,,,,,,,,,,,,,,,,,
,,,,,,,,,,,,,,,,,,,,,,,
,,,,,,,,,,,,,,,,,,,,,,,
,,,,,,,,,,,,,,,,,,,,,,,
,,,,,,,,,,,,,,,,,,,,,,,
,,,,,,,,,,,,,,,,,,,,,,,
,,,,,,,,,,,,,,,,,,,,,,,
,,,,,,,,,,,,,,,,,,,,,,,
,,,,,,,,,,,,,,,,,,,,,,,
,,,,,,,,,,,,,,,,,,,,,,,
,,,,,,,,,,,,,,,,,,,,,,,
,,,,,,,,,,,,,,,,,,,,,,,
,,,,,,,,,,,,,,,,,,,,,,,
,,,,,,,,,,,,,,,,,,,,,,,
,,,,,,,,,,,,,,,,,,,,,,,
,,,,,,,,,,,,,,,,,,,,,,,
,,,,,,,,,,,,,,,,,,,,,,,
,,,,,,,,,,,,,,,,,,,,,,,
,,,,,,,,,,,,,,,,,,,,,,,
,,,,,,,,,,,,,,,,,,,,,,,
,,,,,,,,,,,,,,,,,,,,,,,
,,,,,,,,,,,,,,,,,,,,,,,
,,,,,,,,,,,,,,,,,,,,,,,
,,,,,,,,,,,,,,,,,,,,,,,
,,,,,,,,,,,,,,,,,,,,,,,
,,,,,,,,,,,,,,,,,,,,,,,
,,,,,,,,,,,,,,,,,,,,,,,
,,,,,,,,,,,,,,,,,,,,,,,
,,,,,,,,,,,,,,,,,,,,,,,
,,,,,,,,,,,,,,,,,,,,,,,
,,,,,,,,,,,,,,,,,,,,,,,
,,,,,,,,,,,,,,,,,,,,,,,
,,,,,,,,,,,,,,,,,,,,,,,
,,,,,,,,,,,,,,,,,,,,,,,
,,,,,,,,,,,,,,,,,,,,,,,
,,,,,,,,,,,,,,,,,,,,,,,
,,,,,,,,,,,,,,,,,,,,,,,
,,,,,,,,,,,,,,,,,,,,,,,
,,,,,,,,,,,,,,,,,,,,,,,
,,,,,,,,,,,,,,,,,,,,,,,
,,,,,,,,,,,,,,,,,,,,,,,
,,,,,,,,,,,,,,,,,,,,,,,
,,,,,,,,,,,,,,,,,,,,,,,
,,,,,,,,,,,,,,,,,,,,,,,
,,,,,,,,,,,,,,,,,,,,,,,
,,,,,,,,,,,,,,,,,,,,,,,
,,,,,,,,,,,,,,,,,,,,,,,
,,,,,,,,,,,,,,,,,,,,,,,
,,,,,,,,,,,,,,,,,,,,,,,
,,,,,,,,,,,,,,,,,,,,,,,
,,,,,,,,,,,,,,,,,,,,,,,
,,,,,,,,,,,,,,,,,,,,,,,
,,,,,,,,,,,,,,,,,,,,,,,
,,,,,,,,,,,,,,,,,,,,,,,
,,,,,,,,,,,,,,,,,,,,,,,
,,,,,,,,,,,,,,,,,,,,,,,
,,,,,,,,,,,,,,,,,,,,,,,
,,,,,,,,,,,,,,,,,,,,,,,
,,,,,,,,,,,,,,,,,,,,,,,
,,,,,,,,,,,,,,,,,,,,,,,
,,,,,,,,,,,,,,,,,,,,,,,
,,,,,,,,,,,,,,,,,,,,,,,
,,,,,,,,,,,,,,,,,,,,,,,
,,,,,,,,,,,,,,,,,,,,,,,
,,,,,,,,,,,,,,,,,,,,,,,
,,,,,,,,,,,,,,,,,,,,,,,
,,,,,,,,,,,,,,,,,,,,,,,
,,,,,,,,,,,,,,,,,,,,,,,
,,,,,,,,,,,,,,,,,,,,,,,
,,,,,,,,,,,,,,,,,,,,,,,
,,,,,,,,,,,,,,,,,,,,,,,
,,,,,,,,,,,,,,,,,,,,,,,
,,,,,,,,,,,,,,,,,,,,,,,
,,,,,,,,,,,,,,,,,,,,,,,
,,,,,,,,,,,,,,,,,,,,,,,
,,,,,,,,,,,,,,,,,,,,,,,
,,,,,,,,,,,,,,,,,,,,,,,
,,,,,,,,,,,,,,,,,,,,,,,
,,,,,,,,,,,,,,,,,,,,,,,
,,,,,,,,,,,,,,,,,,,,,,,
,,,,,,,,,,,,,,,,,,,,,,,
,,,,,,,,,,,,,,,,,,,,,,,
,,,,,,,,,,,,,,,,,,,,,,,
,,,,,,,,,,,,,,,,,,,,,,,
,,,,,,,,,,,,,,,,,,,,,,,
,,,,,,,,,,,,,,,,,,,,,,,
,,,,,,,,,,,,,,,,,,,,,,,
,,,,,,,,,,,,,,,,,,,,,,,
,,,,,,,,,,,,,,,,,,,,,,,
,,,,,,,,,,,,,,,,,,,,,,,
,,,,,,,,,,,,,,,,,,,,,,,
,,,,,,,,,,,,,,,,,,,,,,,
,,,,,,,,,,,,,,,,,,,,,,,
,,,,,,,,,,,,,,,,,,,,,,,
,,,,,,,,,,,,,,,,,,,,,,,
,,,,,,,,,,,,,,,,,,,,,,,
,,,,,,,,,,,,,,,,,,,,,,,
,,,,,,,,,,,,,,,,,,,,,,,
,,,,,,,,,,,,,,,,,,,,,,,
,,,,,,,,,,,,,,,,,,,,,,,
,,,,,,,,,,,,,,,,,,,,,,,
,,,,,,,,,,,,,,,,,,,,,,,
,,,,,,,,,,,,,,,,,,,,,,,
,,,,,,,,,,,,,,,,,,,,,,,
,,,,,,,,,,,,,,,,,,,,,,,
,,,,,,,,,,,,,,,,,,,,,,,
,,,,,,,,,,,,,,,,,,,,,,,
,,,,,,,,,,,,,,,,,,,,,,,
,,,,,,,,,,,,,,,,,,,,,,,
,,,,,,,,,,,,,,,,,,,,,,,
,,,,,,,,,,,,,,,,,,,,,,,
,,,,,,,,,,,,,,,,,,,,,,,
,,,,,,,,,,,,,,,,,,,,,,,
,,,,,,,,,,,,,,,,,,,,,,,
,,,,,,,,,,,,,,,,,,,,,,,
,,,,,,,,,,,,,,,,,,,,,,,
,,,,,,,,,,,,,,,,,,,,,,,
,,,,,,,,,,,,,,,,,,,,,,,
,,,,,,,,,,,,,,,,,,,,,,,
,,,,,,,,,,,,,,,,,,,,,,,
,,,,,,,,,,,,,,,,,,,,,,,
,,,,,,,,,,,,,,,,,,,,,,,
,,,,,,,,,,,,,,,,,,,,,,,
,,,,,,,,,,,,,,,,,,,,,,,
,,,,,,,,,,,,,,,,,,,,,,,
,,,,,,,,,,,,,,,,,,,,,,,
,,,,,,,,,,,,,,,,,,,,,,,
,,,,,,,,,,,,,,,,,,,,,,,
,,,,,,,,,,,,,,,,,,,,,,,
,,,,,,,,,,,,,,,,,,,,,,,
,,,,,,,,,,,,,,,,,,,,,,,
,,,,,,,,,,,,,,,,,,,,,,,
,,,,,,,,,,,,,,,,,,,,,,,
,,,,,,,,,,,,,,,,,,,,,,,
,,,,,,,,,,,,,,,,,,,,,,,
,,,,,,,,,,,,,,,,,,,,,,,
,,,,,,,,,,,,,,,,,,,,,,,
,,,,,,,,,,,,,,,,,,,,,,,
,,,,,,,,,,,,,,,,,,,,,,,
,,,,,,,,,,,,,,,,,,,,,,,
,,,,,,,,,,,,,,,,,,,,,,,
,,,,,,,,,,,,,,,,,,,,,,,
,,,,,,,,,,,,,,,,,,,,,,,
,,,,,,,,,,,,,,,,,,,,,,,
,,,,,,,,,,,,,,,,,,,,,,,
,,,,,,,,,,,,,,,,,,,,,,,
,,,,,,,,,,,,,,,,,,,,,,,
,,,,,,,,,,,,,,,,,,,,,,,
,,,,,,,,,,,,,,,,,,,,,,,
,,,,,,,,,,,,,,,,,,,,,,,
,,,,,,,,,,,,,,,,,,,,,,,
,,,,,,,,,,,,,,,,,,,,,,,
,,,,,,,,,,,,,,,,,,,,,,,
,,,,,,,,,,,,,,,,,,,,,,,
,,,,,,,,,,,,,,,,,,,,,,,
,,,,,,,,,,,,,,,,,,,,,,,
,,,,,,,,,,,,,,,,,,,,,,,
,,,,,,,,,,,,,,,,,,,,,,,
,,,,,,,,,,,,,,,,,,,,,,,
,,,,,,,,,,,,,,,,,,,,,,,
,,,,,,,,,,,,,,,,,,,,,,,
,,,,,,,,,,,,,,,,,,,,,,,
,,,,,,,,,,,,,,,,,,,,,,,
,,,,,,,,,,,,,,,,,,,,,,,
,,,,,,,,,,,,,,,,,,,,,,,
,,,,,,,,,,,,,,,,,,,,,,,
,,,,,,,,,,,,,,,,,,,,,,,
,,,,,,,,,,,,,,,,,,,,,,,
,,,,,,,,,,,,,,,,,,,,,,,
,,,,,,,,,,,,,,,,,,,,,,,
,,,,,,,,,,,,,,,,,,,,,,,
,,,,,,,,,,,,,,,,,,,,,,,
,,,,,,,,,,,,,,,,,,,,,,,
,,,,,,,,,,,,,,,,,,,,,,,
,,,,,,,,,,,,,,,,,,,,,,,
,,,,,,,,,,,,,,,,,,,,,,,
,,,,,,,,,,,,,,,,,,,,,,,
,,,,,,,,,,,,,,,,,,,,,,,
,,,,,,,,,,,,,,,,,,,,,,,
,,,,,,,,,,,,,,,,,,,,,,,
,,,,,,,,,,,,,,,,,,,,,,,
,,,,,,,,,,,,,,,,,,,,,,,
,,,,,,,,,,,,,,,,,,,,,,,
,,,,,,,,,,,,,,,,,,,,,,,
,,,,,,,,,,,,,,,,,,,,,,,
,,,,,,,,,,,,,,,,,,,,,,,
,,,,,,,,,,,,,,,,,,,,,,,
,,,,,,,,,,,,,,,,,,,,,,,
,,,,,,,,,,,,,,,,,,,,,,,
,,,,,,,,,,,,,,,,,,,,,,,
,,,,,,,,,,,,,,,,,,,,,,,
,,,,,,,,,,,,,,,,,,,,,,,
,,,,,,,,,,,,,,,,,,,,,,,
,,,,,,,,,,,,,,,,,,,,,,,
,,,,,,,,,,,,,,,,,,,,,,,
,,,,,,,,,,,,,,,,,,,,,,,
,,,,,,,,,,,,,,,,,,,,,,,
,,,,,,,,,,,,,,,,,,,,,,,
,,,,,,,,,,,,,,,,,,,,,,,
,,,,,,,,,,,,,,,,,,,,,,,
,,,,,,,,,,,,,,,,,,,,,,,
,,,,,,,,,,,,,,,,,,,,,,,
,,,,,,,,,,,,,,,,,,,,,,,
,,,,,,,,,,,,,,,,,,,,,,,
,,,,,,,,,,,,,,,,,,,,,,,
,,,,,,,,,,,,,,,,,,,,,,,
,,,,,,,,,,,,,,,,,,,,,,,
,,,,,,,,,,,,,,,,,,,,,,,
,,,,,,,,,,,,,,,,,,,,,,,
,,,,,,,,,,,,,,,,,,,,,,,
,,,,,,,,,,,,,,,,,,,,,,,
,,,,,,,,,,,,,,,,,,,,,,,
,,,,,,,,,,,,,,,,,,,,,,,
,,,,,,,,,,,,,,,,,,,,,,,
,,,,,,,,,,,,,,,,,,,,,,,
,,,,,,,,,,,,,,,,,,,,,,,
,,,,,,,,,,,,,,,,,,,,,,,
,,,,,,,,,,,,,,,,,,,,,,,
,,,,,,,,,,,,,,,,,,,,,,,
,,,,,,,,,,,,,,,,,,,,,,,
,,,,,,,,,,,,,,,,,,,,,,,
,,,,,,,,,,,,,,,,,,,,,,,
,,,,,,,,,,,,,,,,,,,,,,,
,,,,,,,,,,,,,,,,,,,,,,,
,,,,,,,,,,,,,,,,,,,,,,,
,,,,,,,,,,,,,,,,,,,,,,,
,,,,,,,,,,,,,,,,,,,,,,,
,,,,,,,,,,,,,,,,,,,,,,,
,,,,,,,,,,,,,,,,,,,,,,,
,,,,,,,,,,,,,,,,,,,,,,,
,,,,,,,,,,,,,,,,,,,,,,,
,,,,,,,,,,,,,,,,,,,,,,,
,,,,,,,,,,,,,,,,,,,,,,,
,,,,,,,,,,,,,,,,,,,,,,,
,,,,,,,,,,,,,,,,,,,,,,,
,,,,,,,,,,,,,,,,,,,,,,,
,,,,,,,,,,,,,,,,,,,,,,,
,,,,,,,,,,,,,,,,,,,,,,,
,,,,,,,,,,,,,,,,,,,,,,,
,,,,,,,,,,,,,,,,,,,,,,,
,,,,,,,,,,,,,,,,,,,,,,,
,,,,,,,,,,,,,,,,,,,,,,,
,,,,,,,,,,,,,,,,,,,,,,,
,,,,,,,,,,,,,,,,,,,,,,,
,,,,,,,,,,,,,,,,,,,,,,,
,,,,,,,,,,,,,,,,,,,,,,,
,,,,,,,,,,,,,,,,,,,,,,,
,,,,,,,,,,,,,,,,,,,,,,,
,,,,,,,,,,,,,,,,,,,,,,,
,,,,,,,,,,,,,,,,,,,,,,,
,,,,,,,,,,,,,,,,,,,,,,,
,,,,,,,,,,,,,,,,,,,,,,,
,,,,,,,,,,,,,,,,,,,,,,,
,,,,,,,,,,,,,,,,,,,,,,,
,,,,,,,,,,,,,,,,,,,,,,,
,,,,,,,,,,,,,,,,,,,,,,,
,,,,,,,,,,,,,,,,,,,,,,,
,,,,,,,,,,,,,,,,,,,,,,,
,,,,,,,,,,,,,,,,,,,,,,,
,,,,,,,,,,,,,,,,,,,,,,,
,,,,,,,,,,,,,,,,,,,,,,,
,,,,,,,,,,,,,,,,,,,,,,,
,,,,,,,,,,,,,,,,,,,,,,,
,,,,,,,,,,,,,,,,,,,,,,,
,,,,,,,,,,,,,,,,,,,,,,,
,,,,,,,,,,,,,,,,,,,,,,,
,,,,,,,,,,,,,,,,,,,,,,,
,,,,,,,,,,,,,,,,,,,,,,,
,,,,,,,,,,,,,,,,,,,,,,,
,,,,,,,,,,,,,,,,,,,,,,,
,,,,,,,,,,,,,,,,,,,,,,,
,,,,,,,,,,,,,,,,,,,,,,,
,,,,,,,,,,,,,,,,,,,,,,,
,,,,,,,,,,,,,,,,,,,,,,,
,,,,,,,,,,,,,,,,,,,,,,,
,,,,,,,,,,,,,,,,,,,,,,,
,,,,,,,,,,,,,,,,,,,,,,,
,,,,,,,,,,,,,,,,,,,,,,,
,,,,,,,,,,,,,,,,,,,,,,,
,,,,,,,,,,,,,,,,,,,,,,,
,,,,,,,,,,,,,,,,,,,,,,,
,,,,,,,,,,,,,,,,,,,,,,,
,,,,,,,,,,,,,,,,,,,,,,,
,,,,,,,,,,,,,,,,,,,,,,,
,,,,,,,,,,,,,,,,,,,,,,,
,,,,,,,,,,,,,,,,,,,,,,,
,,,,,,,,,,,,,,,,,,,,,,,
,,,,,,,,,,,,,,,,,,,,,,,
,,,,,,,,,,,,,,,,,,,,,,,
,,,,,,,,,,,,,,,,,,,,,,,
,,,,,,,,,,,,,,,,,,,,,,,
,,,,,,,,,,,,,,,,,,,,,,,
,,,,,,,,,,,,,,,,,,,,,,,
,,,,,,,,,,,,,,,,,,,,,,,
,,,,,,,,,,,,,,,,,,,,,,,
,,,,,,,,,,,,,,,,,,,,,,,
,,,,,,,,,,,,,,,,,,,,,,,
,,,,,,,,,,,,,,,,,,,,,,,
,,,,,,,,,,,,,,,,,,,,,,,
,,,,,,,,,,,,,,,,,,,,,,,
,,,,,,,,,,,,,,,,,,,,,,,
,,,,,,,,,,,,,,,,,,,,,,,
,,,,,,,,,,,,,,,,,,,,,,,
,,,,,,,,,,,,,,,,,,,,,,,
,,,,,,,,,,,,,,,,,,,,,,,
,,,,,,,,,,,,,,,,,,,,,,,
,,,,,,,,,,,,,,,,,,,,,,,
,,,,,,,,,,,,,,,,,,,,,,,
,,,,,,,,,,,,,,,,,,,,,,,
,,,,,,,,,,,,,,,,,,,,,,,
,,,,,,,,,,,,,,,,,,,,,,,
,,,,,,,,,,,,,,,,,,,,,,,
,,,,,,,,,,,,,,,,,,,,,,,
,,,,,,,,,,,,,,,,,,,,,,,
,,,,,,,,,,,,,,,,,,,,,,,
,,,,,,,,,,,,,,,,,,,,,,,
,,,,,,,,,,,,,,,,,,,,,,,
,,,,,,,,,,,,,,,,,,,,,,,
,,,,,,,,,,,,,,,,,,,,,,,
,,,,,,,,,,,,,,,,,,,,,,,
,,,,,,,,,,,,,,,,,,,,,,,
,,,,,,,,,,,,,,,,,,,,,,,
,,,,,,,,,,,,,,,,,,,,,,,
,,,,,,,,,,,,,,,,,,,,,,,
,,,,,,,,,,,,,,,,,,,,,,,
,,,,,,,,,,,,,,,,,,,,,,,
,,,,,,,,,,,,,,,,,,,,,,,
,,,,,,,,,,,,,,,,,,,,,,,
,,,,,,,,,,,,,,,,,,,,,,,
,,,,,,,,,,,,,,,,,,,,,,,
,,,,,,,,,,,,,,,,,,,,,,,
,,,,,,,,,,,,,,,,,,,,,,,
,,,,,,,,,,,,,,,,,,,,,,,
,,,,,,,,,,,,,,,,,,,,,,,
,,,,,,,,,,,,,,,,,,,,,,,
,,,,,,,,,,,,,,,,,,,,,,,
,,,,,,,,,,,,,,,,,,,,,,,
,,,,,,,,,,,,,,,,,,,,,,,
,,,,,,,,,,,,,,,,,,,,,,,
,,,,,,,,,,,,,,,,,,,,,,,
,,,,,,,,,,,,,,,,,,,,,,,
,,,,,,,,,,,,,,,,,,,,,,,
,,,,,,,,,,,,,,,,,,,,,,,
,,,,,,,,,,,,,,,,,,,,,,,
,,,,,,,,,,,,,,,,,,,,,,,
,,,,,,,,,,,,,,,,,,,,,,,
,,,,,,,,,,,,,,,,,,,,,,,
,,,,,,,,,,,,,,,,,,,,,,,
,,,,,,,,,,,,,,,,,,,,,,,
,,,,,,,,,,,,,,,,,,,,,,,
,,,,,,,,,,,,,,,,,,,,,,,
,,,,,,,,,,,,,,,,,,,,,,,
,,,,,,,,,,,,,,,,,,,,,,,
,,,,,,,,,,,,,,,,,,,,,,,
,,,,,,,,,,,,,,,,,,,,,,,
,,,,,,,,,,,,,,,,,,,,,,,
,,,,,,,,,,,,,,,,,,,,,,,
,,,,,,,,,,,,,,,,,,,,,,,
,,,,,,,,,,,,,,,,,,,,,,,
,,,,,,,,,,,,,,,,,,,,,,,
,,,,,,,,,,,,,,,,,,,,,,,
,,,,,,,,,,,,,,,,,,,,,,,
,,,,,,,,,,,,,,,,,,,,,,,
,,,,,,,,,,,,,,,,,,,,,,,
,,,,,,,,,,,,,,,,,,,,,,,
,,,,,,,,,,,,,,,,,,,,,,,
,,,,,,,,,,,,,,,,,,,,,,,
,,,,,,,,,,,,,,,,,,,,,,,
,,,,,,,,,,,,,,,,,,,,,,,
,,,,,,,,,,,,,,,,,,,,,,,
,,,,,,,,,,,,,,,,,,,,,,,
,,,,,,,,,,,,,,,,,,,,,,,
,,,,,,,,,,,,,,,,,,,,,,,
,,,,,,,,,,,,,,,,,,,,,,,
,,,,,,,,,,,,,,,,,,,,,,,
,,,,,,,,,,,,,,,,,,,,,,,
,,,,,,,,,,,,,,,,,,,,,,,
,,,,,,,,,,,,,,,,,,,,,,,
,,,,,,,,,,,,,,,,,,,,,,,
,,,,,,,,,,,,,,,,,,,,,,,
,,,,,,,,,,,,,,,,,,,,,,,
,,,,,,,,,,,,,,,,,,,,,,,
,,,,,,,,,,,,,,,,,,,,,,,
,,,,,,,,,,,,,,,,,,,,,,,
,,,,,,,,,,,,,,,,,,,,,,,
,,,,,,,,,,,,,,,,,,,,,,,
,,,,,,,,,,,,,,,,,,,,,,,
,,,,,,,,,,,,,,,,,,,,,,,
,,,,,,,,,,,,,,,,,,,,,,,
,,,,,,,,,,,,,,,,,,,,,,,
,,,,,,,,,,,,,,,,,,,,,,,
,,,,,,,,,,,,,,,,,,,,,,,
,,,,,,,,,,,,,,,,,,,,,,,
,,,,,,,,,,,,,,,,,,,,,,,
,,,,,,,,,,,,,,,,,,,,,,,
,,,,,,,,,,,,,,,,,,,,,,,
,,,,,,,,,,,,,,,,,,,,,,,
,,,,,,,,,,,,,,,,,,,,,,,
,,,,,,,,,,,,,,,,,,,,,,,
,,,,,,,,,,,,,,,,,,,,,,,
,,,,,,,,,,,,,,,,,,,,,,,
,,,,,,,,,,,,,,,,,,,,,,,
,,,,,,,,,,,,,,,,,,,,,,,
,,,,,,,,,,,,,,,,,,,,,,,
,,,,,,,,,,,,,,,,,,,,,,,
,,,,,,,,,,,,,,,,,,,,,,,
,,,,,,,,,,,,,,,,,,,,,,,
,,,,,,,,,,,,,,,,,,,,,,,
,,,,,,,,,,,,,,,,,,,,,,,
,,,,,,,,,,,,,,,,,,,,,,,
,,,,,,,,,,,,,,,,,,,,,,,
,,,,,,,,,,,,,,,,,,,,,,,
,,,,,,,,,,,,,,,,,,,,,,,
,,,,,,,,,,,,,,,,,,,,,,,
,,,,,,,,,,,,,,,,,,,,,,,
,,,,,,,,,,,,,,,,,,,,,,,
,,,,,,,,,,,,,,,,,,,,,,,
,,,,,,,,,,,,,,,,,,,,,,,
,,,,,,,,,,,,,,,,,,,,,,,
,,,,,,,,,,,,,,,,,,,,,,,
,,,,,,,,,,,,,,,,,,,,,,,
,,,,,,,,,,,,,,,,,,,,,,,
,,,,,,,,,,,,,,,,,,,,,,,
,,,,,,,,,,,,,,,,,,,,,,,
,,,,,,,,,,,,,,,,,,,,,,,
,,,,,,,,,,,,,,,,,,,,,,,
,,,,,,,,,,,,,,,,,,,,,,,
,,,,,,,,,,,,,,,,,,,,,,,
,,,,,,,,,,,,,,,,,,,,,,,
,,,,,,,,,,,,,,,,,,,,,,,
,,,,,,,,,,,,,,,,,,,,,,,
,,,,,,,,,,,,,,,,,,,,,,,
,,,,,,,,,,,,,,,,,,,,,,,
,,,,,,,,,,,,,,,,,,,,,,,
,,,,,,,,,,,,,,,,,,,,,,,
,,,,,,,,,,,,,,,,,,,,,,,
,,,,,,,,,,,,,,,,,,,,,,,
,,,,,,,,,,,,,,,,,,,,,,,
,,,,,,,,,,,,,,,,,,,,,,,
,,,,,,,,,,,,,,,,,,,,,,,
,,,,,,,,,,,,,,,,,,,,,,,
,,,,,,,,,,,,,,,,,,,,,,,
,,,,,,,,,,,,,,,,,,,,,,,
,,,,,,,,,,,,,,,,,,,,,,,
,,,,,,,,,,,,,,,,,,,,,,,
,,,,,,,,,,,,,,,,,,,,,,,
,,,,,,,,,,,,,,,,,,,,,,,
,,,,,,,,,,,,,,,,,,,,,,,
,,,,,,,,,,,,,,,,,,,,,,,
,,,,,,,,,,,,,,,,,,,,,,,
,,,,,,,,,,,,,,,,,,,,,,,
,,,,,,,,,,,,,,,,,,,,,,,
,,,,,,,,,,,,,,,,,,,,,,,
,,,,,,,,,,,,,,,,,,,,,,,
,,,,,,,,,,,,,,,,,,,,,,,
,,,,,,,,,,,,,,,,,,,,,,,
,,,,,,,,,,,,,,,,,,,,,,,
,,,,,,,,,,,,,,,,,,,,,,,
,,,,,,,,,,,,,,,,,,,,,,,
,,,,,,,,,,,,,,,,,,,,,,,
,,,,,,,,,,,,,,,,,,,,,,,
,,,,,,,,,,,,,,,,,,,,,,,
,,,,,,,,,,,,,,,,,,,,,,,
,,,,,,,,,,,,,,,,,,,,,,,
,,,,,,,,,,,,,,,,,,,,,,,
,,,,,,,,,,,,,,,,,,,,,,,
,,,,,,,,,,,,,,,,,,,,,,,
,,,,,,,,,,,,,,,,,,,,,,,
,,,,,,,,,,,,,,,,,,,,,,,
,,,,,,,,,,,,,,,,,,,,,,,
,,,,,,,,,,,,,,,,,,,,,,,
,,,,,,,,,,,,,,,,,,,,,,,
,,,,,,,,,,,,,,,,,,,,,,,
,,,,,,,,,,,,,,,,,,,,,,,
,,,,,,,,,,,,,,,,,,,,,,,
,,,,,,,,,,,,,,,,,,,,,,,
,,,,,,,,,,,,,,,,,,,,,,,
,,,,,,,,,,,,,,,,,,,,,,,
,,,,,,,,,,,,,,,,,,,,,,,
,,,,,,,,,,,,,,,,,,,,,,,
,,,,,,,,,,,,,,,,,,,,,,,
,,,,,,,,,,,,,,,,,,,,,,,
,,,,,,,,,,,,,,,,,,,,,,,
,,,,,,,,,,,,,,,,,,,,,,,
,,,,,,,,,,,,,,,,,,,,,,,
,,,,,,,,,,,,,,,,,,,,,,,
,,,,,,,,,,,,,,,,,,,,,,,
,,,,,,,,,,,,,,,,,,,,,,,
,,,,,,,,,,,,,,,,,,,,,,,
,,,,,,,,,,,,,,,,,,,,,,,
,,,,,,,,,,,,,,,,,,,,,,,
,,,,,,,,,,,,,,,,,,,,,,,
,,,,,,,,,,,,,,,,,,,,,,,
,,,,,,,,,,,,,,,,,,,,,,,
,,,,,,,,,,,,,,,,,,,,,,,
,,,,,,,,,,,,,,,,,,,,,,,
,,,,,,,,,,,,,,,,,,,,,,,
,,,,,,,,,,,,,,,,,,,,,,,
,,,,,,,,,,,,,,,,,,,,,,,
,,,,,,,,,,,,,,,,,,,,,,,
,,,,,,,,,,,,,,,,,,,,,,,
,,,,,,,,,,,,,,,,,,,,,,,
,,,,,,,,,,,,,,,,,,,,,,,
,,,,,,,,,,,,,,,,,,,,,,,
,,,,,,,,,,,,,,,,,,,,,,,
,,,,,,,,,,,,,,,,,,,,,,,
,,,,,,,,,,,,,,,,,,,,,,,
,,,,,,,,,,,,,,,,,,,,,,,
,,,,,,,,,,,,,,,,,,,,,,,
,,,,,,,,,,,,,,,,,,,,,,,
,,,,,,,,,,,,,,,,,,,,,,,
,,,,,,,,,,,,,,,,,,,,,,,
,,,,,,,,,,,,,,,,,,,,,,,
,,,,,,,,,,,,,,,,,,,,,,,
,,,,,,,,,,,,,,,,,,,,,,,
,,,,,,,,,,,,,,,,,,,,,,,
,,,,,,,,,,,,,,,,,,,,,,,
,,,,,,,,,,,,,,,,,,,,,,,
,,,,,,,,,,,,,,,,,,,,,,,
,,,,,,,,,,,,,,,,,,,,,,,
,,,,,,,,,,,,,,,,,,,,,,,
,,,,,,,,,,,,,,,,,,,,,,,
,,,,,,,,,,,,,,,,,,,,,,,
,,,,,,,,,,,,,,,,,,,,,,,
,,,,,,,,,,,,,,,,,,,,,,,
,,,,,,,,,,,,,,,,,,,,,,,
,,,,,,,,,,,,,,,,,,,,,,,
,,,,,,,,,,,,,,,,,,,,,,,
,,,,,,,,,,,,,,,,,,,,,,,
,,,,,,,,,,,,,,,,,,,,,,,
,,,,,,,,,,,,,,,,,,,,,,,
,,,,,,,,,,,,,,,,,,,,,,,
,,,,,,,,,,,,,,,,,,,,,,,
,,,,,,,,,,,,,,,,,,,,,,,
,,,,,,,,,,,,,,,,,,,,,,,
,,,,,,,,,,,,,,,,,,,,,,,
,,,,,,,,,,,,,,,,,,,,,,,
,,,,,,,,,,,,,,,,,,,,,,,
,,,,,,,,,,,,,,,,,,,,,,,
,,,,,,,,,,,,,,,,,,,,,,,
,,,,,,,,,,,,,,,,,,,,,,,
,,,,,,,,,,,,,,,,,,,,,,,
,,,,,,,,,,,,,,,,,,,,,,,
,,,,,,,,,,,,,,,,,,,,,,,
,,,,,,,,,,,,,,,,,,,,,,,
,,,,,,,,,,,,,,,,,,,,,,,
,,,,,,,,,,,,,,,,,,,,,,,
,,,,,,,,,,,,,,,,,,,,,,,
,,,,,,,,,,,,,,,,,,,,,,,
,,,,,,,,,,,,,,,,,,,,,,,
,,,,,,,,,,,,,,,,,,,,,,,
,,,,,,,,,,,,,,,,,,,,,,,
,,,,,,,,,,,,,,,,,,,,,,,
,,,,,,,,,,,,,,,,,,,,,,,
,,,,,,,,,,,,,,,,,,,,,,,
,,,,,,,,,,,,,,,,,,,,,,,
,,,,,,,,,,,,,,,,,,,,,,,
,,,,,,,,,,,,,,,,,,,,,,,
,,,,,,,,,,,,,,,,,,,,,,,
